Item,DayOfWeek,TimeOfDay,Weather,PastSales,CurrentStock,DiscountOffered,CustomerCount,WasteGenerated
Pasta,Saturday,Evening,Rainy,332,91,28,277,30
Pasta,Wednesday,Afternoon,Sunny,461,96,10,58,23
Pizza,Tuesday,Evening,Cloudy,431,19,0,207,43
Sandwich,Tuesday,Night,Cloudy,387,47,3,93,10
Pasta,Tuesday,Afternoon,Snowy,362,36,7,179,12
Salad,Sunday,Afternoon,Rainy,131,52,26,82,30
Pizza,Friday,Morning,Cloudy,410,85,28,278,40
Pasta,Wednesday,Evening,Rainy,53,73,9,230,46
Pasta,Monday,Night,Rainy,473,19,22,205,41
Pasta,Friday,Evening,Rainy,79,47,7,274,30
Burger,Friday,Evening,Sunny,197,36,28,21,11
Burger,Friday,Evening,Rainy,198,25,17,291,26
Salad,Sunday,Afternoon,Snowy,315,70,7,51,26
Pasta,Tuesday,Evening,Cloudy,123,99,10,198,48
Sandwich,Monday,Morning,Cloudy,107,86,19,225,43
Soup,Wednesday,Night,Snowy,370,53,22,19,30
Pasta,Saturday,Evening,Cloudy,66,32,25,88,24
Sandwich,Thursday,Afternoon,Snowy,255,27,5,271,10
Pizza,Sunday,Evening,Sunny,203,65,20,275,5
Salad,Tuesday,Afternoon,Rainy,381,65,14,34,8
Pasta,Wednesday,Night,Sunny,161,24,8,30,11
Pizza,Thursday,Evening,Sunny,201,30,7,294,15
Pasta,Sunday,Morning,Cloudy,366,86,4,183,41
Pizza,Wednesday,Afternoon,Rainy,117,77,21,245,37
Salad,Tuesday,Night,Sunny,387,58,21,25,48
Salad,Monday,Evening,Rainy,400,26,26,276,16
Soup,Tuesday,Night,Rainy,403,63,25,272,44
Salad,Friday,Night,Sunny,350,78,25,137,12
Pasta,Wednesday,Night,Rainy,300,58,27,271,21
Pasta,Saturday,Afternoon,Cloudy,71,54,14,55,33
Soup,Saturday,Morning,Cloudy,431,12,15,271,40
Pizza,Wednesday,Evening,Snowy,66,98,27,235,6
Burger,Monday,Afternoon,Cloudy,256,96,7,104,48
Salad,Tuesday,Morning,Sunny,404,48,29,162,30
Soup,Monday,Morning,Sunny,364,95,27,197,8
Pasta,Monday,Night,Sunny,289,20,2,200,38
Pasta,Saturday,Night,Snowy,455,74,20,27,41
Pizza,Wednesday,Morning,Cloudy,277,83,19,88,37
Pizza,Wednesday,Morning,Cloudy,454,31,10,249,45
Soup,Friday,Afternoon,Cloudy,240,31,18,273,24
Soup,Saturday,Morning,Snowy,105,57,16,27,21
Salad,Tuesday,Evening,Cloudy,113,43,15,105,21
Pasta,Friday,Morning,Snowy,223,17,18,224,44
Pizza,Tuesday,Morning,Cloudy,95,22,13,84,35
Pasta,Wednesday,Morning,Cloudy,259,16,25,87,37
Burger,Saturday,Afternoon,Snowy,152,79,16,190,18
Burger,Saturday,Afternoon,Cloudy,406,12,21,140,49
Salad,Saturday,Morning,Snowy,105,85,20,144,26
Soup,Sunday,Morning,Snowy,489,37,27,215,9
Salad,Friday,Afternoon,Snowy,243,67,22,99,17
Pizza,Monday,Evening,Rainy,377,57,5,21,30
Soup,Tuesday,Afternoon,Cloudy,470,19,15,254,33
Soup,Sunday,Evening,Rainy,336,55,27,91,13
Burger,Monday,Evening,Snowy,382,20,1,170,18
Burger,Thursday,Afternoon,Cloudy,291,69,12,245,25
Pizza,Sunday,Evening,Sunny,279,11,26,190,39
Salad,Monday,Morning,Snowy,367,55,15,94,39
Pasta,Saturday,Morning,Rainy,149,47,14,186,29
Pizza,Saturday,Evening,Snowy,118,20,26,88,37
Pasta,Monday,Morning,Rainy,82,87,25,103,15
Salad,Friday,Night,Snowy,321,61,10,114,6
Pizza,Sunday,Afternoon,Sunny,412,32,13,11,10
Burger,Friday,Night,Cloudy,154,25,4,268,17
Burger,Saturday,Afternoon,Sunny,243,51,25,52,8
Pizza,Thursday,Morning,Cloudy,167,74,13,265,48
Soup,Tuesday,Night,Snowy,428,93,7,111,48
Soup,Wednesday,Afternoon,Sunny,164,64,18,144,23
Sandwich,Thursday,Morning,Rainy,337,87,16,29,6
Pasta,Friday,Afternoon,Sunny,344,62,3,224,18
Soup,Monday,Evening,Rainy,103,98,12,263,13
Salad,Sunday,Evening,Sunny,379,11,5,137,37
Burger,Friday,Morning,Sunny,183,87,25,185,5
Pasta,Friday,Afternoon,Sunny,433,97,0,76,18
Pasta,Sunday,Morning,Snowy,183,22,4,94,42
Burger,Tuesday,Afternoon,Cloudy,266,40,21,40,35
Salad,Friday,Evening,Rainy,132,44,15,145,19
Soup,Monday,Evening,Snowy,205,72,24,160,48
Salad,Monday,Night,Snowy,140,75,18,210,27
Pizza,Wednesday,Night,Snowy,68,29,12,282,24
Salad,Saturday,Morning,Rainy,355,82,28,87,34
Pizza,Tuesday,Afternoon,Cloudy,227,99,11,227,24
Pizza,Wednesday,Morning,Snowy,317,39,26,201,21
Soup,Monday,Night,Cloudy,352,55,13,144,14
Burger,Tuesday,Evening,Snowy,96,39,16,200,26
Soup,Tuesday,Night,Snowy,318,58,16,265,17
Sandwich,Monday,Night,Cloudy,134,11,4,84,26
Pasta,Wednesday,Afternoon,Sunny,240,94,15,211,48
Sandwich,Saturday,Evening,Rainy,449,80,16,283,39
Salad,Wednesday,Morning,Sunny,334,68,2,98,24
Salad,Monday,Night,Rainy,273,24,23,197,30
Pizza,Monday,Afternoon,Rainy,55,68,5,122,19
Pasta,Friday,Evening,Snowy,277,30,1,110,17
Soup,Thursday,Night,Snowy,376,81,23,236,38
Soup,Sunday,Night,Sunny,110,19,17,92,33
Soup,Saturday,Morning,Snowy,460,74,17,227,47
Salad,Wednesday,Afternoon,Rainy,414,36,16,227,30
Sandwich,Sunday,Morning,Snowy,413,15,28,217,23
Pizza,Wednesday,Evening,Rainy,472,43,13,36,11
Pasta,Friday,Afternoon,Sunny,366,91,18,296,17
Burger,Friday,Afternoon,Cloudy,229,61,5,134,7
Pasta,Sunday,Evening,Cloudy,492,31,9,34,22
Soup,Friday,Morning,Snowy,321,62,14,122,19
Pizza,Tuesday,Afternoon,Cloudy,308,76,28,10,6
Pizza,Saturday,Morning,Snowy,381,32,5,254,29
Pasta,Thursday,Evening,Rainy,235,65,20,149,21
Soup,Wednesday,Morning,Snowy,284,56,8,23,9
Sandwich,Wednesday,Afternoon,Rainy,288,55,6,107,33
Pizza,Thursday,Morning,Sunny,226,60,24,95,20
Soup,Wednesday,Afternoon,Cloudy,423,92,17,87,16
Sandwich,Thursday,Evening,Cloudy,391,16,12,239,15
Soup,Sunday,Evening,Sunny,224,90,18,291,27
Burger,Friday,Night,Rainy,238,41,5,67,38
Sandwich,Friday,Night,Cloudy,82,38,3,166,26
Sandwich,Tuesday,Night,Snowy,436,24,5,135,31
Pizza,Saturday,Morning,Cloudy,285,50,18,25,27
Salad,Monday,Afternoon,Snowy,355,25,24,20,29
Salad,Monday,Night,Cloudy,388,59,1,30,9
Pizza,Monday,Morning,Sunny,346,11,19,176,8
Pasta,Tuesday,Morning,Snowy,368,73,2,237,46
Burger,Saturday,Night,Snowy,361,50,19,239,49
Burger,Monday,Evening,Cloudy,436,10,9,33,37
Pizza,Tuesday,Evening,Sunny,372,25,29,129,8
Salad,Sunday,Morning,Cloudy,233,27,11,253,31
Pasta,Friday,Afternoon,Snowy,207,42,8,270,45
Soup,Monday,Night,Rainy,471,19,7,211,38
Pasta,Saturday,Morning,Cloudy,445,97,23,104,34
Burger,Friday,Evening,Snowy,496,96,10,72,43
Sandwich,Saturday,Night,Cloudy,91,66,5,30,21
Pizza,Sunday,Afternoon,Snowy,320,28,27,199,29
Salad,Friday,Evening,Snowy,401,33,22,192,35
Salad,Monday,Evening,Rainy,346,86,4,38,27
Burger,Monday,Night,Snowy,335,40,18,292,49
Burger,Saturday,Night,Sunny,306,86,1,215,9
Pizza,Sunday,Morning,Cloudy,474,64,9,39,44
Pasta,Monday,Night,Rainy,427,12,28,198,28
Salad,Friday,Afternoon,Cloudy,190,10,13,32,44
Pasta,Saturday,Night,Rainy,264,35,25,198,13
Burger,Saturday,Afternoon,Snowy,189,13,16,297,30
Pizza,Friday,Morning,Sunny,202,86,15,39,44
Burger,Wednesday,Afternoon,Sunny,236,43,0,299,42
Sandwich,Thursday,Evening,Sunny,478,38,13,115,21
Pasta,Tuesday,Morning,Snowy,452,78,0,205,33
Soup,Thursday,Morning,Sunny,486,81,2,171,8
Pasta,Sunday,Morning,Rainy,50,87,10,237,14
Sandwich,Sunday,Morning,Cloudy,278,52,15,212,26
Soup,Friday,Afternoon,Rainy,447,88,0,217,17
Salad,Sunday,Afternoon,Snowy,248,45,18,171,35
Sandwich,Thursday,Night,Cloudy,195,47,8,296,22
Pizza,Saturday,Afternoon,Sunny,435,59,26,264,28
Sandwich,Friday,Night,Snowy,97,78,21,19,23
Pizza,Thursday,Evening,Cloudy,131,51,21,127,17
Sandwich,Sunday,Night,Cloudy,173,23,9,58,37
Pizza,Wednesday,Afternoon,Cloudy,121,61,15,126,37
Soup,Saturday,Night,Sunny,413,42,11,293,29
Burger,Monday,Afternoon,Sunny,179,27,13,63,13
Pizza,Saturday,Morning,Sunny,341,31,16,269,28
Soup,Saturday,Morning,Snowy,256,76,1,184,39
Burger,Monday,Afternoon,Sunny,344,38,16,190,10
Burger,Tuesday,Afternoon,Rainy,301,57,22,241,5
Pasta,Saturday,Night,Snowy,494,43,9,148,8
Pasta,Wednesday,Night,Sunny,223,83,19,185,31
Burger,Saturday,Evening,Rainy,233,67,19,101,34
Sandwich,Monday,Night,Snowy,152,38,21,117,16
Pasta,Friday,Morning,Snowy,304,76,3,47,20
Soup,Wednesday,Night,Snowy,202,75,17,207,22
Pasta,Saturday,Night,Sunny,335,13,27,281,21
Soup,Wednesday,Evening,Cloudy,180,18,21,122,44
Sandwich,Wednesday,Evening,Sunny,357,81,14,58,21
Pizza,Sunday,Night,Snowy,418,48,2,66,32
Salad,Wednesday,Night,Rainy,229,76,28,30,15
Pasta,Friday,Night,Cloudy,318,70,27,27,10
Sandwich,Wednesday,Night,Rainy,160,87,13,215,9
Burger,Tuesday,Morning,Sunny,496,68,18,277,17
Burger,Thursday,Night,Snowy,430,27,20,204,44
Pizza,Tuesday,Night,Rainy,163,12,6,102,28
Salad,Monday,Night,Sunny,192,49,10,17,42
Pasta,Thursday,Night,Snowy,339,89,2,88,30
Pasta,Tuesday,Afternoon,Sunny,451,49,16,272,49
Salad,Tuesday,Afternoon,Sunny,393,83,19,268,36
Salad,Tuesday,Afternoon,Snowy,174,44,11,205,12
Salad,Tuesday,Afternoon,Rainy,108,26,13,84,30
Salad,Tuesday,Evening,Sunny,139,90,13,133,37
Pizza,Wednesday,Evening,Rainy,416,20,8,206,14
Burger,Saturday,Night,Sunny,192,19,2,220,46
Sandwich,Monday,Night,Sunny,138,35,4,212,6
Burger,Thursday,Night,Cloudy,80,73,21,177,42
Pizza,Wednesday,Afternoon,Rainy,186,94,16,101,38
Sandwich,Thursday,Evening,Sunny,481,68,20,261,27
Burger,Friday,Afternoon,Cloudy,447,61,7,271,16
Sandwich,Sunday,Evening,Cloudy,234,48,26,275,13
Pasta,Monday,Morning,Cloudy,202,81,19,44,41
Salad,Tuesday,Morning,Cloudy,63,76,13,162,20
Pizza,Tuesday,Morning,Snowy,168,24,23,251,39
Burger,Thursday,Afternoon,Sunny,362,72,25,195,26
Sandwich,Friday,Evening,Snowy,198,39,12,285,13
Sandwich,Monday,Evening,Cloudy,345,96,6,52,15
Soup,Friday,Evening,Sunny,118,34,24,143,35
Pasta,Wednesday,Night,Rainy,116,93,23,136,30
Pasta,Saturday,Evening,Rainy,184,69,15,103,35
Sandwich,Wednesday,Afternoon,Sunny,138,61,15,124,39
Sandwich,Wednesday,Evening,Cloudy,187,94,25,19,11
Pasta,Wednesday,Morning,Sunny,312,77,17,145,45
Soup,Monday,Afternoon,Snowy,260,82,9,139,30
Soup,Saturday,Morning,Sunny,190,84,22,227,28
Pizza,Tuesday,Morning,Snowy,272,59,2,257,8
Pasta,Wednesday,Night,Cloudy,245,65,1,258,46
Pizza,Sunday,Afternoon,Rainy,122,70,3,280,42
Salad,Sunday,Evening,Cloudy,173,36,16,114,5
Pasta,Friday,Evening,Rainy,324,37,8,10,38
Burger,Wednesday,Morning,Cloudy,91,92,2,107,25
Pasta,Sunday,Night,Sunny,397,37,26,11,32
Pizza,Thursday,Evening,Cloudy,236,43,25,197,34
Soup,Sunday,Morning,Sunny,53,91,23,215,5
Soup,Saturday,Evening,Sunny,166,34,23,133,21
Sandwich,Wednesday,Evening,Cloudy,455,13,10,278,9
Soup,Sunday,Afternoon,Snowy,257,10,29,214,6
Soup,Wednesday,Afternoon,Snowy,210,93,14,241,14
Pasta,Wednesday,Night,Sunny,372,56,1,18,26
Sandwich,Monday,Night,Rainy,371,88,0,136,6
Salad,Tuesday,Evening,Snowy,356,78,7,106,47
Soup,Wednesday,Afternoon,Cloudy,73,86,28,52,24
Sandwich,Sunday,Night,Sunny,51,72,4,31,31
Pasta,Saturday,Evening,Rainy,53,83,1,33,45
Pasta,Sunday,Morning,Snowy,468,97,24,290,22
Pizza,Friday,Evening,Snowy,85,19,17,273,22
Sandwich,Sunday,Evening,Rainy,238,62,27,129,31
Burger,Tuesday,Evening,Snowy,322,70,8,92,6
Burger,Monday,Afternoon,Snowy,100,73,17,209,14
Sandwich,Saturday,Afternoon,Cloudy,114,70,21,77,44
Soup,Friday,Afternoon,Sunny,306,78,5,82,35
Salad,Thursday,Afternoon,Sunny,57,21,12,66,10
Pizza,Monday,Morning,Cloudy,266,13,4,285,42
Salad,Sunday,Evening,Snowy,196,51,11,23,44
Sandwich,Monday,Evening,Cloudy,170,50,9,262,24
Pasta,Saturday,Night,Cloudy,309,21,2,226,39
Pizza,Saturday,Morning,Rainy,262,56,14,12,38
Sandwich,Wednesday,Afternoon,Cloudy,295,63,8,52,10
Pasta,Saturday,Morning,Sunny,480,78,3,25,12
Pasta,Monday,Morning,Snowy,492,19,1,296,41
Burger,Wednesday,Evening,Rainy,484,99,6,217,39
Pasta,Tuesday,Morning,Rainy,119,68,7,128,10
Sandwich,Tuesday,Morning,Snowy,396,59,14,51,34
Pasta,Friday,Night,Sunny,393,45,24,197,26
Salad,Thursday,Afternoon,Rainy,319,57,7,203,19
Soup,Monday,Afternoon,Sunny,208,55,22,285,15
Pizza,Wednesday,Afternoon,Cloudy,351,55,18,169,19
Sandwich,Wednesday,Night,Cloudy,485,88,4,102,13
Pasta,Tuesday,Evening,Snowy,341,53,16,205,44
Salad,Wednesday,Evening,Cloudy,491,12,0,72,29
Salad,Friday,Afternoon,Rainy,462,92,26,109,6
Burger,Thursday,Night,Cloudy,300,94,19,278,10
Soup,Friday,Afternoon,Rainy,390,92,13,184,9
Sandwich,Thursday,Morning,Cloudy,389,86,13,161,14
Soup,Saturday,Evening,Snowy,54,98,11,153,15
Sandwich,Sunday,Night,Snowy,61,31,6,43,15
Salad,Sunday,Evening,Snowy,286,49,15,278,20
Burger,Saturday,Afternoon,Cloudy,458,76,15,154,46
Sandwich,Wednesday,Night,Rainy,131,62,25,181,14
Soup,Tuesday,Morning,Cloudy,150,55,10,80,43
Sandwich,Sunday,Evening,Cloudy,371,63,28,40,35
Pasta,Saturday,Morning,Cloudy,469,63,0,31,47
Pasta,Sunday,Morning,Rainy,422,16,26,38,16
Salad,Saturday,Night,Snowy,67,28,27,282,40
Pasta,Saturday,Evening,Rainy,207,30,13,158,22
Salad,Saturday,Morning,Snowy,269,83,23,231,11
Sandwich,Thursday,Evening,Sunny,249,32,6,253,11
Pizza,Saturday,Evening,Cloudy,260,73,9,38,6
Sandwich,Friday,Evening,Rainy,142,47,1,202,48
Burger,Thursday,Night,Rainy,83,41,2,227,19
Pasta,Saturday,Morning,Sunny,326,59,4,259,28
Pasta,Tuesday,Night,Sunny,422,19,5,274,37
Soup,Thursday,Night,Snowy,178,19,27,274,39
Sandwich,Sunday,Afternoon,Snowy,119,27,15,140,12
Sandwich,Monday,Night,Sunny,399,87,4,168,46
Pasta,Friday,Morning,Rainy,382,75,7,91,19
Salad,Saturday,Afternoon,Snowy,452,94,0,66,12
Soup,Monday,Morning,Sunny,327,48,27,163,49
Salad,Friday,Night,Cloudy,256,66,3,43,34
Soup,Monday,Afternoon,Snowy,114,13,28,116,44
Pasta,Thursday,Afternoon,Sunny,111,59,5,201,5
Pasta,Wednesday,Evening,Snowy,304,93,8,289,16
Pasta,Saturday,Night,Cloudy,363,66,25,61,34
Pasta,Saturday,Night,Cloudy,85,39,0,86,10
Sandwich,Saturday,Morning,Rainy,357,10,3,61,41
Pasta,Tuesday,Morning,Rainy,384,13,12,56,36
Salad,Saturday,Night,Sunny,187,62,2,67,24
Pizza,Monday,Morning,Sunny,138,72,10,68,36
Sandwich,Friday,Night,Cloudy,95,54,22,93,14
Soup,Monday,Morning,Rainy,224,58,13,94,46
Salad,Wednesday,Evening,Snowy,281,56,22,299,39
Soup,Monday,Evening,Sunny,55,99,18,218,17
Pasta,Thursday,Afternoon,Sunny,483,82,12,261,27
Soup,Sunday,Evening,Snowy,130,33,25,179,29
Salad,Thursday,Morning,Sunny,229,57,19,95,16
Salad,Monday,Evening,Snowy,87,86,0,253,44
Burger,Monday,Night,Sunny,412,87,0,39,37
Salad,Saturday,Evening,Rainy,218,27,19,85,40
Pizza,Sunday,Night,Snowy,282,96,28,42,42
Soup,Saturday,Morning,Snowy,99,32,0,268,8
Sandwich,Wednesday,Evening,Rainy,387,41,19,220,40
Soup,Tuesday,Morning,Sunny,468,45,23,88,27
Pizza,Monday,Evening,Sunny,92,32,21,226,47
Soup,Friday,Night,Snowy,150,68,15,250,6
Burger,Thursday,Evening,Cloudy,137,68,27,259,43
Soup,Wednesday,Morning,Snowy,138,19,14,234,17
Soup,Tuesday,Night,Sunny,159,19,13,147,5
Burger,Tuesday,Morning,Snowy,300,83,21,227,46
Pizza,Thursday,Morning,Snowy,460,44,21,102,13
Burger,Monday,Afternoon,Rainy,297,93,16,267,25
Soup,Monday,Evening,Cloudy,52,55,11,209,36
Pasta,Saturday,Afternoon,Rainy,216,75,14,205,10
Sandwich,Friday,Night,Rainy,166,98,13,265,14
Pasta,Wednesday,Afternoon,Snowy,166,26,1,120,41
Pizza,Wednesday,Morning,Cloudy,55,16,2,97,12
Pizza,Monday,Night,Sunny,318,43,25,174,25
Sandwich,Thursday,Afternoon,Rainy,417,43,12,203,45
Soup,Thursday,Afternoon,Sunny,405,37,29,33,17
Sandwich,Sunday,Night,Rainy,96,37,28,164,38
Sandwich,Monday,Afternoon,Cloudy,348,62,21,34,13
Pasta,Tuesday,Night,Snowy,392,62,28,258,37
Pizza,Tuesday,Night,Rainy,441,60,19,119,24
Pasta,Saturday,Afternoon,Cloudy,115,34,29,110,12
Sandwich,Thursday,Morning,Snowy,72,90,3,105,39
Pizza,Friday,Evening,Snowy,167,93,19,205,35
Sandwich,Tuesday,Evening,Cloudy,362,30,27,257,30
Burger,Tuesday,Afternoon,Cloudy,76,50,4,24,41
Sandwich,Friday,Night,Sunny,104,80,29,62,38
Burger,Thursday,Morning,Cloudy,63,87,8,54,26
Burger,Wednesday,Morning,Sunny,443,37,13,113,36
Salad,Wednesday,Night,Snowy,263,34,27,60,30
Pasta,Monday,Morning,Cloudy,363,27,26,137,5
Salad,Wednesday,Afternoon,Rainy,259,91,29,125,14
Pasta,Thursday,Morning,Rainy,94,57,12,288,43
Salad,Thursday,Night,Cloudy,266,60,2,189,12
Salad,Tuesday,Morning,Sunny,326,57,9,290,15
Soup,Monday,Night,Cloudy,241,37,1,253,28
Pizza,Tuesday,Night,Sunny,383,68,13,21,19
Burger,Saturday,Afternoon,Cloudy,336,89,24,77,24
Soup,Saturday,Morning,Cloudy,121,14,26,69,22
Burger,Sunday,Afternoon,Sunny,90,31,17,174,49
Pizza,Monday,Afternoon,Sunny,324,96,10,24,49
Sandwich,Thursday,Afternoon,Cloudy,302,39,16,170,25
Soup,Tuesday,Morning,Rainy,224,64,16,128,36
Sandwich,Saturday,Afternoon,Snowy,281,12,13,167,23
Pizza,Monday,Afternoon,Cloudy,301,21,0,118,25
Soup,Sunday,Night,Rainy,186,53,17,170,45
Soup,Sunday,Morning,Snowy,493,87,12,274,44
Soup,Monday,Afternoon,Sunny,315,21,22,91,41
Pasta,Tuesday,Evening,Cloudy,237,65,9,165,35
Sandwich,Monday,Afternoon,Rainy,186,70,6,71,18
Sandwich,Saturday,Evening,Cloudy,463,66,25,41,21
Soup,Sunday,Night,Sunny,72,23,17,65,14
Soup,Thursday,Afternoon,Rainy,63,14,11,249,13
Pizza,Wednesday,Evening,Snowy,315,57,29,265,5
Burger,Friday,Morning,Snowy,274,37,13,224,30
Burger,Tuesday,Night,Cloudy,362,10,16,231,22
Soup,Thursday,Night,Rainy,413,77,4,228,28
Salad,Thursday,Night,Rainy,458,93,18,58,48
Salad,Wednesday,Afternoon,Cloudy,125,33,26,147,18
Pasta,Tuesday,Morning,Cloudy,147,54,26,12,41
Pasta,Sunday,Afternoon,Rainy,129,66,7,274,34
Soup,Monday,Evening,Snowy,262,69,12,188,8
Sandwich,Friday,Afternoon,Sunny,140,49,23,265,17
Pizza,Wednesday,Morning,Snowy,121,74,11,209,45
Soup,Sunday,Evening,Rainy,410,35,5,274,17
Sandwich,Monday,Morning,Snowy,292,42,11,34,21
Pizza,Thursday,Afternoon,Rainy,359,73,19,33,31
Pasta,Tuesday,Afternoon,Rainy,66,11,16,252,8
Burger,Wednesday,Night,Sunny,312,84,24,228,27
Pasta,Wednesday,Morning,Snowy,355,71,19,241,22
Soup,Friday,Afternoon,Snowy,74,72,20,131,15
Pizza,Wednesday,Afternoon,Rainy,450,96,14,21,15
Salad,Tuesday,Night,Snowy,251,72,20,119,24
Soup,Monday,Evening,Snowy,82,30,4,270,39
Burger,Tuesday,Afternoon,Sunny,64,86,22,114,42
Pasta,Friday,Night,Snowy,445,55,8,284,25
Sandwich,Monday,Evening,Snowy,326,15,7,217,34
Pizza,Friday,Evening,Rainy,73,60,14,48,30
Pizza,Sunday,Night,Sunny,207,47,18,76,10
Sandwich,Friday,Night,Snowy,80,84,14,169,6
Pasta,Tuesday,Evening,Rainy,350,23,25,84,20
Pizza,Wednesday,Afternoon,Snowy,118,68,24,146,25
Pizza,Saturday,Night,Rainy,471,90,3,42,44
Salad,Thursday,Evening,Cloudy,146,35,10,33,48
Pasta,Friday,Night,Rainy,309,80,1,123,47
Sandwich,Sunday,Morning,Snowy,157,84,25,299,39
Pizza,Thursday,Afternoon,Sunny,123,46,14,180,44
Burger,Tuesday,Night,Snowy,52,30,8,272,9
Pizza,Tuesday,Evening,Sunny,269,53,18,104,40
Soup,Friday,Evening,Cloudy,144,75,3,213,43
Pasta,Sunday,Afternoon,Cloudy,243,36,13,227,36
Burger,Sunday,Evening,Rainy,407,84,28,214,27
Burger,Friday,Afternoon,Sunny,121,16,25,221,27
Burger,Tuesday,Night,Snowy,64,90,16,263,10
Salad,Friday,Evening,Snowy,66,56,29,128,37
Soup,Thursday,Evening,Snowy,336,11,8,93,28
Pizza,Wednesday,Morning,Rainy,206,67,5,211,49
Pasta,Sunday,Evening,Cloudy,189,92,0,220,34
Pasta,Monday,Morning,Sunny,56,55,23,252,43
Salad,Friday,Morning,Snowy,323,20,17,54,17
Sandwich,Thursday,Evening,Rainy,236,86,20,144,39
Soup,Sunday,Evening,Sunny,357,24,15,75,28
Soup,Thursday,Night,Sunny,362,90,8,230,25
Pasta,Wednesday,Evening,Sunny,482,23,22,84,8
Pasta,Friday,Morning,Rainy,156,30,26,199,12
Pizza,Friday,Afternoon,Cloudy,272,16,24,25,6
Burger,Friday,Night,Snowy,488,28,9,23,8
Sandwich,Friday,Afternoon,Cloudy,329,13,7,84,19
Pasta,Saturday,Night,Rainy,60,85,0,287,48
Sandwich,Tuesday,Afternoon,Sunny,377,54,17,127,34
Pasta,Tuesday,Night,Rainy,67,14,24,100,7
Pizza,Thursday,Morning,Snowy,422,66,27,184,36
Pizza,Friday,Evening,Snowy,222,66,17,34,23
Salad,Wednesday,Night,Snowy,197,76,1,35,36
Soup,Saturday,Afternoon,Sunny,250,54,1,278,27
Salad,Saturday,Night,Snowy,331,72,27,43,38
Burger,Saturday,Evening,Sunny,389,25,8,283,25
Burger,Wednesday,Evening,Sunny,205,49,27,57,20
Salad,Tuesday,Evening,Sunny,119,95,14,93,26
Pasta,Tuesday,Evening,Cloudy,291,63,9,247,49
Pizza,Monday,Morning,Snowy,356,73,27,14,13
Pizza,Friday,Evening,Sunny,299,12,7,173,48
Pizza,Saturday,Morning,Snowy,437,73,2,63,12
Sandwich,Monday,Afternoon,Snowy,136,42,8,241,27
Soup,Thursday,Evening,Cloudy,120,53,2,21,33
Sandwich,Wednesday,Evening,Cloudy,218,81,22,243,24
Soup,Saturday,Afternoon,Snowy,81,85,23,140,49
Burger,Wednesday,Afternoon,Rainy,218,19,20,105,35
Salad,Wednesday,Evening,Snowy,145,66,17,205,27
Sandwich,Saturday,Afternoon,Rainy,235,54,10,14,48
Soup,Tuesday,Afternoon,Snowy,117,49,25,274,30
Pizza,Friday,Morning,Cloudy,320,69,27,233,5
Salad,Sunday,Morning,Sunny,315,88,14,54,11
Pizza,Tuesday,Afternoon,Snowy,319,52,9,294,5
Soup,Saturday,Night,Rainy,268,78,28,255,36
Pizza,Wednesday,Afternoon,Rainy,468,54,24,281,19
Salad,Sunday,Afternoon,Rainy,363,93,22,10,32
Salad,Friday,Evening,Sunny,249,81,18,165,23
Burger,Wednesday,Afternoon,Rainy,110,69,24,185,31
Salad,Saturday,Morning,Sunny,177,65,17,103,44
Pizza,Saturday,Night,Rainy,275,38,16,228,31
Pizza,Friday,Night,Sunny,271,19,22,228,5
Burger,Monday,Morning,Cloudy,424,83,21,192,18
Sandwich,Tuesday,Evening,Rainy,467,35,17,188,48
Soup,Sunday,Afternoon,Sunny,336,45,7,274,46
Burger,Saturday,Afternoon,Cloudy,175,60,18,138,19
Burger,Monday,Afternoon,Snowy,465,33,22,10,5
Salad,Sunday,Morning,Cloudy,141,96,29,135,48
Salad,Thursday,Morning,Cloudy,226,98,12,62,5
Salad,Thursday,Evening,Sunny,300,85,15,129,9
Pasta,Wednesday,Night,Rainy,279,43,1,71,46
Burger,Monday,Afternoon,Cloudy,59,68,14,29,46
Soup,Monday,Evening,Sunny,302,24,19,85,38
Salad,Thursday,Afternoon,Sunny,426,30,3,13,41
Pizza,Tuesday,Night,Rainy,77,55,21,172,16
Burger,Wednesday,Evening,Snowy,162,59,11,168,22
Burger,Sunday,Night,Rainy,99,87,3,274,32
Pasta,Tuesday,Night,Snowy,287,57,6,175,38
Pasta,Sunday,Morning,Rainy,411,20,17,142,7
Pizza,Tuesday,Night,Rainy,322,86,14,74,6
Soup,Friday,Evening,Sunny,232,24,28,243,39
Burger,Sunday,Evening,Cloudy,71,43,24,297,16
Pizza,Sunday,Evening,Sunny,156,55,25,166,12
Soup,Tuesday,Afternoon,Rainy,147,16,10,52,38
Soup,Friday,Evening,Sunny,472,32,20,135,6
Soup,Wednesday,Afternoon,Cloudy,388,45,19,64,45
Soup,Friday,Evening,Cloudy,428,47,0,88,10
Burger,Monday,Morning,Sunny,367,22,5,162,38
Salad,Monday,Evening,Snowy,238,27,13,133,18
Pasta,Tuesday,Morning,Cloudy,86,32,15,223,45
Sandwich,Sunday,Night,Cloudy,415,79,18,158,16
Salad,Saturday,Evening,Sunny,228,66,22,123,36
Soup,Wednesday,Afternoon,Cloudy,265,48,28,90,11
Soup,Tuesday,Morning,Sunny,111,57,7,100,39
Soup,Saturday,Afternoon,Cloudy,375,20,4,287,36
Soup,Tuesday,Evening,Cloudy,324,54,0,117,45
Burger,Thursday,Evening,Cloudy,311,60,24,92,19
Soup,Wednesday,Evening,Rainy,59,14,26,202,35
Pizza,Monday,Evening,Rainy,231,53,28,244,32
Soup,Friday,Evening,Sunny,50,53,6,258,6
Soup,Sunday,Morning,Snowy,267,77,29,249,46
Burger,Saturday,Evening,Sunny,344,71,3,255,19
Burger,Wednesday,Afternoon,Cloudy,454,80,1,246,5
Pizza,Monday,Evening,Snowy,289,57,0,71,19
Pasta,Thursday,Evening,Rainy,73,75,28,176,31
Salad,Friday,Morning,Cloudy,454,54,3,73,37
Pizza,Thursday,Afternoon,Snowy,382,43,8,199,5
Soup,Friday,Morning,Cloudy,174,32,0,241,8
Soup,Saturday,Afternoon,Sunny,346,70,24,101,19
Burger,Friday,Evening,Cloudy,341,26,21,104,38
Burger,Monday,Afternoon,Rainy,88,51,4,172,18
Sandwich,Thursday,Morning,Sunny,184,37,15,151,9
Pasta,Tuesday,Morning,Cloudy,349,64,21,217,8
Pizza,Saturday,Evening,Rainy,113,62,27,176,31
Soup,Friday,Night,Sunny,126,33,24,269,40
Salad,Tuesday,Afternoon,Cloudy,279,46,24,27,10
Salad,Saturday,Evening,Snowy,227,34,18,148,7
Pasta,Thursday,Night,Cloudy,251,44,28,63,13
Salad,Sunday,Afternoon,Snowy,133,21,7,111,12
Soup,Sunday,Morning,Rainy,467,63,1,97,10
Pizza,Monday,Afternoon,Snowy,232,68,25,83,33
Pizza,Sunday,Afternoon,Rainy,261,93,27,25,10
Burger,Thursday,Evening,Cloudy,306,70,2,259,37
Pasta,Tuesday,Afternoon,Rainy,498,39,5,247,49
Salad,Tuesday,Evening,Sunny,202,34,9,51,19
Salad,Friday,Night,Sunny,78,97,16,173,39
Pasta,Saturday,Night,Cloudy,328,30,17,133,44
Sandwich,Sunday,Evening,Snowy,405,90,11,179,9
Pasta,Thursday,Night,Snowy,325,84,11,158,35
Burger,Wednesday,Afternoon,Rainy,388,39,19,89,13
Burger,Thursday,Afternoon,Snowy,108,56,11,154,16
Salad,Sunday,Morning,Cloudy,422,20,28,148,34
Burger,Monday,Morning,Snowy,205,49,9,78,21
Burger,Monday,Evening,Sunny,270,71,3,250,18
Sandwich,Thursday,Afternoon,Rainy,143,13,13,117,18
Sandwich,Monday,Morning,Snowy,443,32,27,233,29
Sandwich,Thursday,Evening,Snowy,221,70,0,11,7
Pizza,Friday,Evening,Snowy,313,80,6,284,15
Pasta,Wednesday,Afternoon,Cloudy,325,13,8,265,12
Sandwich,Tuesday,Afternoon,Cloudy,142,10,24,235,29
Burger,Sunday,Evening,Cloudy,481,86,8,279,11
Burger,Wednesday,Morning,Sunny,378,55,18,69,30
Sandwich,Saturday,Afternoon,Snowy,216,99,18,201,13
Pasta,Friday,Night,Sunny,392,83,0,208,27
Burger,Sunday,Morning,Snowy,391,86,26,101,16
Pizza,Tuesday,Night,Cloudy,174,97,16,43,22
Burger,Sunday,Afternoon,Sunny,184,23,28,116,12
Pizza,Monday,Evening,Rainy,417,40,14,292,24
Soup,Friday,Morning,Rainy,237,63,11,284,32
Sandwich,Wednesday,Afternoon,Snowy,426,77,6,231,27
Salad,Tuesday,Night,Sunny,116,60,29,138,35
Pasta,Wednesday,Night,Cloudy,77,58,2,269,32
Burger,Monday,Night,Sunny,468,23,5,51,21
Salad,Friday,Evening,Snowy,480,79,24,45,37
Pasta,Monday,Afternoon,Cloudy,373,44,22,193,17
Soup,Tuesday,Night,Snowy,257,64,1,74,38
Soup,Wednesday,Evening,Sunny,466,32,4,255,23
Pizza,Monday,Afternoon,Sunny,375,17,20,282,33
Soup,Saturday,Morning,Cloudy,147,46,5,179,15
Pasta,Thursday,Morning,Snowy,490,83,23,73,29
Salad,Thursday,Afternoon,Rainy,139,46,1,207,11
Pasta,Thursday,Night,Cloudy,288,68,29,28,6
Sandwich,Wednesday,Evening,Cloudy,345,18,6,209,20
Sandwich,Tuesday,Morning,Rainy,462,41,14,175,42
Soup,Tuesday,Morning,Rainy,84,34,25,11,39
Sandwich,Thursday,Night,Snowy,416,79,2,148,16
Salad,Monday,Night,Cloudy,87,27,9,21,33
Pasta,Friday,Afternoon,Sunny,416,23,23,19,16
Pasta,Wednesday,Afternoon,Rainy,484,23,23,65,31
Soup,Wednesday,Evening,Cloudy,480,41,6,214,21
Soup,Sunday,Afternoon,Sunny,154,41,29,282,10
Pizza,Tuesday,Evening,Rainy,403,79,13,98,45
Pizza,Sunday,Afternoon,Sunny,196,92,5,127,8
Burger,Wednesday,Afternoon,Sunny,353,44,26,50,15
Burger,Monday,Night,Sunny,259,34,13,267,15
Salad,Sunday,Night,Cloudy,162,28,14,37,32
Sandwich,Thursday,Morning,Snowy,242,86,4,38,36
Burger,Monday,Afternoon,Snowy,276,24,27,247,32
Pasta,Wednesday,Night,Sunny,313,26,18,279,44
Salad,Friday,Night,Snowy,420,48,10,109,19
Sandwich,Monday,Morning,Sunny,217,14,10,80,36
Sandwich,Tuesday,Evening,Snowy,491,42,5,32,34
Pasta,Wednesday,Morning,Cloudy,453,73,15,289,9
Burger,Thursday,Morning,Sunny,96,52,26,261,42
Salad,Friday,Afternoon,Sunny,445,26,0,128,27
Pizza,Tuesday,Evening,Sunny,230,32,14,214,19
Sandwich,Saturday,Afternoon,Cloudy,389,12,26,206,39
Burger,Sunday,Morning,Rainy,341,33,7,93,42
Burger,Saturday,Evening,Snowy,330,79,1,125,45
Soup,Friday,Evening,Sunny,266,83,25,215,20
Pasta,Tuesday,Night,Rainy,216,97,11,146,37
Burger,Monday,Morning,Snowy,469,43,9,279,5
Soup,Wednesday,Evening,Sunny,338,79,16,177,17
Salad,Monday,Morning,Rainy,65,19,13,123,8
Pasta,Monday,Morning,Rainy,144,29,28,271,37
Soup,Tuesday,Afternoon,Sunny,448,81,10,141,31
Sandwich,Saturday,Morning,Cloudy,374,69,10,200,26
Salad,Thursday,Afternoon,Cloudy,332,38,8,70,9
Burger,Tuesday,Afternoon,Snowy,444,90,21,279,40
Pasta,Wednesday,Night,Cloudy,160,33,15,299,48
Burger,Friday,Afternoon,Snowy,308,15,17,130,37
Pasta,Monday,Morning,Cloudy,93,95,2,150,5
Salad,Sunday,Night,Snowy,315,38,28,75,16
Salad,Saturday,Afternoon,Sunny,424,91,26,123,17
Sandwich,Monday,Morning,Snowy,227,90,17,168,17
Sandwich,Thursday,Evening,Sunny,492,72,12,280,41
Soup,Monday,Morning,Snowy,126,41,25,223,48
Burger,Tuesday,Night,Snowy,413,58,0,130,45
Soup,Friday,Afternoon,Cloudy,337,99,0,167,36
Salad,Tuesday,Evening,Snowy,149,59,13,215,42
Sandwich,Monday,Evening,Cloudy,246,38,0,119,20
Pizza,Sunday,Night,Rainy,488,45,23,103,43
Soup,Friday,Afternoon,Cloudy,238,34,14,243,7
Soup,Sunday,Night,Rainy,387,30,27,183,23
Sandwich,Tuesday,Afternoon,Rainy,181,28,23,34,11
Salad,Sunday,Afternoon,Snowy,203,62,23,163,30
Sandwich,Sunday,Morning,Rainy,214,89,0,22,7
Pasta,Monday,Afternoon,Snowy,106,77,24,51,42
Pasta,Wednesday,Afternoon,Sunny,234,90,27,204,46
Pasta,Thursday,Evening,Snowy,337,21,16,171,10
Sandwich,Saturday,Evening,Rainy,257,25,1,23,42
Sandwich,Wednesday,Evening,Cloudy,99,18,24,159,49
Salad,Friday,Night,Cloudy,487,65,3,273,43
Burger,Friday,Morning,Rainy,362,30,22,113,45
Burger,Thursday,Night,Cloudy,243,31,1,124,34
Burger,Monday,Afternoon,Cloudy,483,26,12,211,28
Soup,Monday,Night,Cloudy,188,88,2,89,8
Pasta,Friday,Night,Cloudy,365,21,2,164,45
Salad,Friday,Evening,Cloudy,486,96,19,42,26
Salad,Tuesday,Night,Snowy,487,44,11,254,36
Soup,Wednesday,Night,Rainy,321,85,10,269,48
Pasta,Thursday,Night,Snowy,242,29,17,75,41
Pasta,Monday,Afternoon,Cloudy,201,50,23,291,5
Burger,Thursday,Afternoon,Cloudy,363,90,8,132,33
Burger,Thursday,Morning,Sunny,492,84,0,61,49
Salad,Monday,Afternoon,Sunny,245,72,11,44,49
Soup,Friday,Morning,Rainy,421,69,15,92,16
Pasta,Tuesday,Evening,Cloudy,326,67,23,270,31
Soup,Wednesday,Morning,Snowy,433,43,29,45,34
Sandwich,Tuesday,Night,Snowy,382,94,19,55,44
Pizza,Wednesday,Afternoon,Snowy,253,48,21,138,13
Burger,Sunday,Evening,Cloudy,204,26,4,161,28
Pasta,Saturday,Night,Rainy,168,39,2,92,30
Soup,Tuesday,Evening,Snowy,328,77,20,42,29
Salad,Monday,Morning,Sunny,233,50,20,195,35
Sandwich,Thursday,Evening,Sunny,309,63,27,137,47
Sandwich,Wednesday,Night,Cloudy,171,71,20,280,31
Sandwich,Saturday,Night,Cloudy,289,17,9,34,28
Sandwich,Thursday,Morning,Rainy,369,74,3,205,43
Pasta,Saturday,Evening,Rainy,436,91,24,30,38
Pizza,Monday,Afternoon,Sunny,296,70,8,88,39
Pasta,Monday,Morning,Rainy,483,17,3,283,27
Pizza,Thursday,Afternoon,Cloudy,478,57,22,136,23
Soup,Sunday,Night,Snowy,162,77,29,139,47
Pizza,Sunday,Evening,Rainy,391,18,16,252,35
Burger,Saturday,Afternoon,Snowy,294,61,28,255,49
Pizza,Monday,Evening,Rainy,275,25,22,14,29
Sandwich,Tuesday,Evening,Sunny,211,13,14,230,28
Pizza,Tuesday,Afternoon,Cloudy,139,68,7,50,31
Burger,Wednesday,Afternoon,Cloudy,431,43,8,108,49
Pasta,Monday,Night,Rainy,90,80,15,102,32
Soup,Sunday,Afternoon,Sunny,317,64,27,295,24
Burger,Tuesday,Afternoon,Cloudy,275,13,10,109,14
Sandwich,Saturday,Morning,Cloudy,126,24,18,114,24
Burger,Thursday,Morning,Rainy,108,54,10,116,21
Pasta,Wednesday,Evening,Sunny,86,57,9,260,34
Sandwich,Tuesday,Evening,Snowy,64,17,6,139,14
Burger,Saturday,Afternoon,Sunny,200,81,20,87,40
Salad,Tuesday,Afternoon,Rainy,454,30,10,57,12
Pasta,Monday,Evening,Snowy,340,54,5,193,9
Salad,Saturday,Evening,Cloudy,469,87,8,221,14
Pasta,Wednesday,Evening,Cloudy,81,56,4,146,18
Pizza,Wednesday,Night,Sunny,448,25,20,14,45
Sandwich,Saturday,Night,Cloudy,73,16,18,222,30
Salad,Wednesday,Afternoon,Cloudy,181,42,18,246,13
Soup,Monday,Night,Cloudy,475,74,17,184,37
Pizza,Tuesday,Night,Rainy,355,78,15,212,26
Pasta,Thursday,Evening,Sunny,306,72,21,66,30
Pizza,Wednesday,Evening,Snowy,304,56,12,71,17
Soup,Sunday,Afternoon,Snowy,247,96,7,98,28
Sandwich,Wednesday,Morning,Snowy,110,22,27,192,41
Soup,Tuesday,Night,Snowy,462,10,8,198,14
Burger,Sunday,Morning,Cloudy,435,18,1,33,18
Pasta,Tuesday,Morning,Snowy,80,21,6,167,44
Soup,Sunday,Afternoon,Sunny,153,53,24,168,35
Pasta,Monday,Morning,Snowy,499,20,27,257,35
Burger,Wednesday,Evening,Snowy,473,19,16,18,49
Sandwich,Wednesday,Morning,Snowy,419,23,0,135,22
Soup,Friday,Evening,Cloudy,375,43,8,133,33
Pasta,Wednesday,Night,Cloudy,239,73,7,206,7
Salad,Saturday,Evening,Snowy,299,53,14,124,21
Burger,Thursday,Afternoon,Sunny,57,10,4,43,23
Pasta,Tuesday,Night,Snowy,349,73,20,208,24
Pasta,Wednesday,Evening,Sunny,309,97,18,116,35
Sandwich,Sunday,Afternoon,Rainy,134,81,24,53,5
Salad,Saturday,Morning,Rainy,68,83,14,255,45
Pasta,Sunday,Evening,Rainy,175,70,27,225,11
Salad,Saturday,Morning,Cloudy,439,29,18,213,10
Burger,Wednesday,Afternoon,Snowy,342,31,0,124,35
Burger,Tuesday,Night,Cloudy,190,80,29,237,10
Burger,Wednesday,Afternoon,Cloudy,180,96,27,114,6
Pasta,Sunday,Evening,Rainy,359,63,26,120,17
Burger,Tuesday,Night,Sunny,322,42,3,191,8
Salad,Wednesday,Evening,Rainy,142,58,22,166,6
Pasta,Sunday,Morning,Cloudy,434,38,28,251,46
Burger,Friday,Morning,Rainy,169,53,17,141,29
Sandwich,Wednesday,Morning,Sunny,312,15,21,290,31
Pizza,Thursday,Night,Rainy,115,48,25,93,22
Pizza,Sunday,Evening,Sunny,114,52,8,15,43
Pasta,Saturday,Afternoon,Snowy,202,97,5,223,42
Pizza,Sunday,Morning,Sunny,105,88,0,77,6
Pasta,Thursday,Evening,Rainy,335,52,8,278,25
Pizza,Thursday,Afternoon,Rainy,268,91,26,241,38
Burger,Monday,Morning,Cloudy,119,44,18,186,40
Pizza,Wednesday,Afternoon,Snowy,302,45,14,103,7
Soup,Monday,Afternoon,Snowy,349,93,10,25,20
Sandwich,Thursday,Afternoon,Snowy,368,46,28,86,11
Sandwich,Tuesday,Night,Cloudy,186,56,21,155,7
Pizza,Wednesday,Morning,Snowy,248,62,22,160,45
Salad,Wednesday,Evening,Snowy,177,45,22,210,42
Sandwich,Tuesday,Evening,Rainy,402,35,28,196,23
Pasta,Thursday,Evening,Snowy,219,77,3,71,12
Pizza,Thursday,Afternoon,Snowy,161,69,2,269,27
Salad,Friday,Afternoon,Sunny,259,20,19,245,40
Pasta,Sunday,Morning,Snowy,269,31,12,214,13
Pasta,Wednesday,Morning,Snowy,86,26,3,182,39
Pizza,Thursday,Evening,Snowy,476,76,3,223,18
Sandwich,Wednesday,Evening,Rainy,82,85,20,270,43
Sandwich,Thursday,Afternoon,Cloudy,331,49,5,174,26
Pizza,Wednesday,Night,Sunny,263,39,12,274,32
Pasta,Friday,Afternoon,Sunny,384,10,5,176,49
Sandwich,Thursday,Evening,Cloudy,410,92,20,278,7
Pizza,Sunday,Evening,Cloudy,224,48,16,69,32
Soup,Tuesday,Morning,Cloudy,381,48,20,73,37
Soup,Friday,Afternoon,Sunny,240,57,26,292,13
Soup,Friday,Morning,Snowy,89,24,26,265,28
Pizza,Saturday,Evening,Cloudy,130,15,11,194,38
Burger,Monday,Evening,Snowy,496,94,18,211,30
Pasta,Monday,Evening,Sunny,469,90,12,242,31
Pizza,Wednesday,Evening,Rainy,157,59,29,214,40
Salad,Tuesday,Night,Snowy,387,58,26,134,28
Burger,Monday,Afternoon,Snowy,336,58,15,166,22
Salad,Tuesday,Night,Sunny,238,27,28,185,5
Soup,Sunday,Night,Rainy,53,84,17,190,49
Burger,Monday,Night,Cloudy,450,24,3,109,11
Sandwich,Saturday,Afternoon,Rainy,157,26,1,98,25
Pasta,Monday,Morning,Cloudy,470,52,4,152,45
Pizza,Thursday,Morning,Snowy,334,54,19,223,5
Burger,Friday,Afternoon,Sunny,395,90,8,274,24
Pizza,Thursday,Night,Rainy,363,38,13,110,48
Sandwich,Wednesday,Evening,Sunny,476,91,12,249,40
Salad,Thursday,Night,Sunny,205,63,4,146,14
Pizza,Sunday,Morning,Snowy,304,58,29,222,10
Sandwich,Thursday,Night,Rainy,417,86,23,45,28
Salad,Sunday,Evening,Rainy,92,15,28,253,41
Sandwich,Sunday,Evening,Snowy,350,63,22,63,6
Sandwich,Thursday,Afternoon,Rainy,251,47,15,236,22
Soup,Sunday,Night,Rainy,353,76,10,170,16
Salad,Sunday,Afternoon,Snowy,228,94,27,207,27
Pizza,Saturday,Morning,Snowy,194,88,4,297,38
Sandwich,Tuesday,Afternoon,Sunny,465,94,18,224,14
Burger,Tuesday,Morning,Rainy,460,15,9,45,38
Burger,Tuesday,Morning,Snowy,150,37,4,170,10
Pasta,Thursday,Afternoon,Sunny,187,54,1,250,5
Pizza,Sunday,Morning,Snowy,375,59,10,200,22
Burger,Saturday,Evening,Rainy,344,11,11,262,15
Burger,Saturday,Evening,Sunny,495,31,28,47,30
Sandwich,Sunday,Morning,Sunny,386,21,1,108,43
Burger,Sunday,Evening,Rainy,407,88,8,178,27
Sandwich,Wednesday,Morning,Cloudy,438,32,28,292,47
Sandwich,Saturday,Morning,Sunny,96,10,17,256,39
Soup,Saturday,Night,Cloudy,192,76,26,41,17
Burger,Friday,Night,Sunny,87,42,0,81,43
Sandwich,Monday,Evening,Sunny,300,58,26,240,32
Pizza,Friday,Evening,Rainy,493,67,9,125,40
Salad,Wednesday,Morning,Cloudy,455,65,21,175,22
Soup,Friday,Night,Rainy,165,76,28,288,34
Pasta,Friday,Night,Rainy,384,30,8,69,31
Soup,Monday,Morning,Cloudy,66,47,10,86,48
Soup,Friday,Afternoon,Snowy,111,27,27,67,35
Sandwich,Tuesday,Afternoon,Snowy,361,87,27,66,41
Sandwich,Monday,Evening,Cloudy,126,95,25,195,45
Pizza,Sunday,Morning,Sunny,351,49,1,63,34
Salad,Saturday,Morning,Sunny,271,12,24,155,9
Burger,Saturday,Evening,Sunny,259,36,7,72,27
Pasta,Friday,Afternoon,Cloudy,250,66,29,19,38
Burger,Sunday,Night,Rainy,153,99,13,172,12
Sandwich,Wednesday,Night,Sunny,416,44,1,103,12
Soup,Sunday,Morning,Rainy,361,92,3,262,20
Pasta,Thursday,Evening,Sunny,417,32,7,67,19
Pasta,Thursday,Night,Rainy,408,10,0,227,39
Salad,Monday,Evening,Cloudy,141,81,14,248,47
Soup,Sunday,Evening,Rainy,304,58,17,133,11
Burger,Friday,Evening,Rainy,368,57,24,99,10
Pizza,Monday,Afternoon,Sunny,293,99,21,182,14
Pasta,Saturday,Night,Rainy,245,47,0,148,7
Salad,Friday,Morning,Snowy,119,60,23,65,41
Pizza,Wednesday,Morning,Sunny,105,30,22,240,44
Pizza,Wednesday,Night,Cloudy,287,95,11,210,17
Sandwich,Friday,Night,Snowy,273,54,11,68,24
Salad,Saturday,Evening,Sunny,308,87,10,209,35
Pizza,Thursday,Morning,Cloudy,343,82,4,185,37
Soup,Monday,Morning,Snowy,76,44,6,279,31
Burger,Thursday,Afternoon,Snowy,109,36,19,285,32
Salad,Monday,Morning,Sunny,380,26,5,92,29
Burger,Friday,Afternoon,Rainy,448,79,28,270,15
Pasta,Tuesday,Afternoon,Rainy,305,38,21,192,30
Soup,Sunday,Evening,Snowy,360,60,27,293,32
Sandwich,Friday,Afternoon,Rainy,321,58,20,10,31
Soup,Thursday,Night,Rainy,186,29,16,169,39
Soup,Tuesday,Evening,Sunny,447,81,10,63,46
Salad,Wednesday,Afternoon,Cloudy,289,15,19,222,42
Pasta,Wednesday,Night,Snowy,302,16,2,204,19
Pizza,Saturday,Afternoon,Snowy,246,89,1,152,23
Soup,Wednesday,Afternoon,Rainy,272,39,13,291,24
Pizza,Wednesday,Afternoon,Cloudy,311,98,18,272,26
Sandwich,Saturday,Evening,Cloudy,198,85,12,82,24
Salad,Saturday,Evening,Sunny,229,33,4,257,46
Soup,Sunday,Afternoon,Rainy,144,55,2,19,8
Pasta,Sunday,Evening,Rainy,79,22,1,78,36
Pizza,Saturday,Night,Cloudy,343,40,8,164,49
Pizza,Friday,Evening,Cloudy,305,72,25,156,12
Salad,Sunday,Night,Rainy,166,33,27,134,46
Burger,Sunday,Afternoon,Snowy,322,94,26,137,8
Salad,Wednesday,Night,Sunny,134,14,2,75,17
Burger,Monday,Morning,Cloudy,364,77,25,91,40
Pasta,Sunday,Evening,Rainy,166,87,1,186,22
Sandwich,Friday,Evening,Sunny,401,39,27,120,31
Pizza,Friday,Evening,Sunny,166,54,13,174,44
Pizza,Thursday,Night,Snowy,199,84,24,239,32
Burger,Thursday,Evening,Sunny,89,82,28,105,42
Salad,Friday,Night,Cloudy,478,45,2,256,17
Pasta,Saturday,Evening,Sunny,234,88,19,117,24
Pasta,Saturday,Afternoon,Cloudy,131,96,17,42,44
Pasta,Wednesday,Morning,Snowy,445,71,13,109,32
Pasta,Friday,Morning,Snowy,141,99,27,59,17
Soup,Friday,Evening,Cloudy,198,64,13,24,18
Sandwich,Tuesday,Night,Sunny,491,49,24,95,23
Pizza,Tuesday,Morning,Snowy,155,80,5,167,44
Burger,Tuesday,Night,Cloudy,299,63,23,104,31
Burger,Friday,Morning,Snowy,362,23,13,93,40
Pizza,Monday,Morning,Snowy,129,22,15,277,21
Soup,Saturday,Night,Rainy,76,98,16,226,23
Pizza,Tuesday,Night,Rainy,498,23,16,133,40
Soup,Wednesday,Evening,Cloudy,309,65,11,275,25
Soup,Monday,Night,Cloudy,179,52,15,104,17
Burger,Tuesday,Morning,Sunny,203,80,25,167,19
Burger,Tuesday,Morning,Snowy,193,72,21,256,9
Salad,Monday,Evening,Snowy,299,99,8,141,17
Salad,Friday,Morning,Rainy,206,59,21,142,44
Pasta,Monday,Morning,Sunny,444,36,18,186,6
Pizza,Wednesday,Night,Snowy,235,44,2,275,48
Salad,Wednesday,Morning,Cloudy,61,71,6,236,44
Pasta,Saturday,Evening,Sunny,394,46,4,214,21
Burger,Wednesday,Morning,Rainy,312,39,4,85,24
Pasta,Wednesday,Night,Rainy,226,66,1,157,49
Burger,Sunday,Morning,Sunny,176,71,4,176,43
Pasta,Monday,Night,Sunny,336,80,3,225,29
Salad,Monday,Evening,Cloudy,279,48,26,262,11
Burger,Friday,Evening,Cloudy,455,88,24,233,14
Burger,Friday,Night,Cloudy,193,69,4,197,46
Salad,Tuesday,Evening,Snowy,169,35,11,191,26
Soup,Sunday,Morning,Cloudy,380,99,11,57,22
Pasta,Tuesday,Afternoon,Snowy,346,63,3,235,29
Soup,Sunday,Morning,Snowy,262,52,17,30,31
Soup,Saturday,Night,Snowy,467,70,8,154,24
Sandwich,Saturday,Night,Snowy,362,91,10,200,45
Burger,Monday,Night,Sunny,359,58,20,110,11
Soup,Tuesday,Morning,Rainy,147,26,4,215,23
Salad,Friday,Morning,Rainy,151,31,21,257,34
Salad,Friday,Evening,Sunny,205,94,1,57,23
Salad,Saturday,Afternoon,Sunny,430,51,23,121,7
Pasta,Thursday,Afternoon,Rainy,113,87,12,10,36
Pasta,Saturday,Night,Cloudy,107,24,26,290,16
Burger,Tuesday,Afternoon,Rainy,451,15,0,144,40
Pizza,Wednesday,Evening,Rainy,298,34,21,18,16
Pizza,Wednesday,Afternoon,Snowy,365,50,6,259,35
Soup,Sunday,Night,Rainy,101,34,28,209,22
Soup,Saturday,Afternoon,Sunny,355,77,9,20,7
Sandwich,Saturday,Evening,Snowy,388,30,28,271,29
Pasta,Wednesday,Night,Rainy,114,34,8,71,11
Salad,Sunday,Evening,Sunny,492,43,27,77,5
Pizza,Wednesday,Evening,Rainy,142,47,26,133,5
Pasta,Tuesday,Night,Snowy,338,16,20,50,45
Salad,Saturday,Afternoon,Snowy,135,73,6,25,6
Salad,Wednesday,Evening,Cloudy,144,95,11,126,39
Pizza,Friday,Morning,Sunny,477,56,20,238,39
Pasta,Tuesday,Morning,Rainy,85,16,19,266,15
Burger,Friday,Morning,Rainy,378,22,20,235,27
Burger,Monday,Evening,Rainy,397,97,12,265,14
Sandwich,Friday,Evening,Sunny,443,60,17,200,34
Sandwich,Tuesday,Morning,Rainy,147,21,20,265,14
Burger,Friday,Night,Rainy,97,59,13,289,30
Pasta,Wednesday,Evening,Snowy,407,98,21,151,23
Sandwich,Saturday,Afternoon,Snowy,466,52,0,74,13
Sandwich,Saturday,Night,Sunny,269,65,18,71,20
Soup,Saturday,Night,Snowy,121,19,18,144,9
Sandwich,Saturday,Evening,Sunny,384,83,6,190,37
Pasta,Friday,Afternoon,Cloudy,142,66,24,260,32
Salad,Tuesday,Afternoon,Cloudy,411,20,16,30,46
Pasta,Monday,Morning,Sunny,56,59,27,251,11
Pasta,Thursday,Afternoon,Sunny,286,84,16,165,39
Pasta,Thursday,Morning,Rainy,162,75,15,98,34
Pasta,Monday,Night,Rainy,257,22,14,167,36
Salad,Tuesday,Afternoon,Cloudy,466,24,22,214,16
Pizza,Wednesday,Afternoon,Sunny,50,97,21,67,45
Salad,Wednesday,Night,Sunny,442,23,22,284,20
Sandwich,Saturday,Night,Snowy,259,93,3,221,44
Salad,Wednesday,Evening,Sunny,253,45,15,197,36
Soup,Saturday,Evening,Cloudy,254,78,7,13,42
Burger,Tuesday,Afternoon,Snowy,285,39,11,105,12
Pasta,Saturday,Afternoon,Rainy,270,49,18,61,18
Burger,Wednesday,Evening,Rainy,304,93,23,146,16
Sandwich,Thursday,Afternoon,Sunny,236,43,29,106,35
Sandwich,Sunday,Evening,Sunny,119,12,10,67,16
Soup,Friday,Evening,Snowy,302,36,11,244,22
Soup,Saturday,Afternoon,Sunny,231,90,15,188,49
Pasta,Saturday,Night,Rainy,134,89,4,75,9
Salad,Tuesday,Night,Sunny,65,38,15,264,48
Salad,Wednesday,Evening,Rainy,313,41,18,53,38
Sandwich,Thursday,Evening,Snowy,307,82,13,222,12
Pizza,Sunday,Night,Sunny,215,61,17,220,24
Salad,Tuesday,Night,Rainy,461,54,13,81,31
Salad,Monday,Afternoon,Snowy,105,10,9,290,33
Salad,Friday,Morning,Rainy,472,52,25,191,16
Burger,Saturday,Night,Sunny,457,58,28,134,41
Burger,Sunday,Evening,Cloudy,86,42,7,26,26
Burger,Thursday,Evening,Snowy,411,26,14,85,48
Pizza,Sunday,Afternoon,Sunny,396,23,24,246,42
Burger,Sunday,Afternoon,Cloudy,88,33,28,178,19
Salad,Sunday,Evening,Sunny,328,99,0,170,14
Pizza,Tuesday,Night,Rainy,145,34,29,192,6
Pizza,Thursday,Morning,Sunny,196,49,8,53,17
Pasta,Sunday,Afternoon,Cloudy,149,79,4,37,46
Burger,Thursday,Afternoon,Cloudy,197,64,7,121,7
Pasta,Sunday,Evening,Rainy,474,72,20,288,21
Burger,Friday,Evening,Sunny,82,22,2,29,8
Burger,Tuesday,Morning,Sunny,172,51,22,128,14
Burger,Monday,Night,Sunny,233,89,7,261,17
Pizza,Saturday,Night,Cloudy,374,81,12,219,34
Pizza,Sunday,Afternoon,Cloudy,436,70,2,186,23
Pasta,Wednesday,Evening,Sunny,240,50,24,262,32
Sandwich,Friday,Morning,Snowy,140,72,23,76,19
Sandwich,Saturday,Evening,Sunny,71,43,2,237,19
Salad,Friday,Evening,Sunny,477,83,5,189,35
Pasta,Monday,Morning,Rainy,381,75,18,224,23
Salad,Wednesday,Evening,Rainy,434,26,24,119,44
Pasta,Sunday,Evening,Cloudy,296,19,16,38,12
Pasta,Sunday,Night,Cloudy,441,86,25,243,8
Sandwich,Tuesday,Morning,Snowy,212,54,27,258,18
Burger,Friday,Morning,Rainy,254,68,16,237,17
Sandwich,Saturday,Afternoon,Cloudy,148,19,17,55,16
Soup,Tuesday,Morning,Sunny,470,75,5,207,13
Burger,Monday,Afternoon,Rainy,247,58,14,104,29
Pasta,Wednesday,Morning,Sunny,310,48,24,148,19
Pizza,Tuesday,Morning,Rainy,87,70,15,142,47
Pasta,Friday,Afternoon,Rainy,163,84,16,263,20
Pizza,Thursday,Morning,Rainy,448,97,27,299,40
Burger,Tuesday,Afternoon,Rainy,380,27,0,26,9
Sandwich,Thursday,Morning,Cloudy,481,74,22,194,25
Soup,Friday,Morning,Rainy,392,19,14,150,40
Sandwich,Tuesday,Morning,Cloudy,185,45,13,40,18
Pizza,Sunday,Morning,Snowy,294,55,25,185,42
Soup,Friday,Afternoon,Snowy,279,97,3,50,6
Soup,Wednesday,Morning,Cloudy,166,47,17,103,19
Sandwich,Saturday,Afternoon,Sunny,197,50,26,104,12
Sandwich,Monday,Evening,Sunny,184,14,27,176,14
Soup,Sunday,Evening,Rainy,241,15,4,16,13
Pizza,Saturday,Morning,Cloudy,365,13,4,226,16
Soup,Saturday,Morning,Snowy,441,99,26,130,6
Pasta,Sunday,Night,Rainy,124,96,14,251,17
Sandwich,Saturday,Evening,Snowy,367,68,26,229,32
Soup,Thursday,Morning,Rainy,57,59,7,262,38
Salad,Wednesday,Morning,Sunny,436,25,20,16,29
Salad,Wednesday,Afternoon,Snowy,315,81,9,123,29
Soup,Friday,Night,Snowy,475,60,27,129,47
Soup,Saturday,Morning,Sunny,65,27,12,218,46
Pasta,Thursday,Night,Rainy,415,47,5,36,48
Pasta,Friday,Morning,Sunny,479,81,5,63,48
Pizza,Wednesday,Afternoon,Snowy,391,30,9,119,44
Salad,Friday,Evening,Sunny,270,77,12,220,11
Pizza,Wednesday,Afternoon,Rainy,235,57,20,262,41
Sandwich,Friday,Morning,Snowy,54,78,17,233,30
Soup,Sunday,Afternoon,Cloudy,235,87,8,22,49
Sandwich,Saturday,Morning,Sunny,336,14,15,282,37
Soup,Monday,Afternoon,Cloudy,120,34,17,76,28
Salad,Wednesday,Morning,Cloudy,406,87,10,225,49
Soup,Wednesday,Morning,Sunny,482,99,18,18,25
Salad,Thursday,Night,Snowy,131,45,25,194,46
Soup,Thursday,Morning,Rainy,409,65,13,119,17
Sandwich,Thursday,Morning,Snowy,409,44,16,42,17
Pasta,Saturday,Morning,Rainy,266,96,4,229,35
Sandwich,Sunday,Afternoon,Rainy,482,21,20,110,19
Soup,Friday,Morning,Sunny,410,60,21,295,8
Salad,Friday,Morning,Cloudy,332,79,8,170,32
Burger,Tuesday,Afternoon,Snowy,212,44,17,224,14
Burger,Friday,Evening,Cloudy,147,25,8,217,43
Salad,Saturday,Morning,Snowy,217,50,25,230,25
Pizza,Wednesday,Morning,Rainy,95,59,1,154,20
Sandwich,Sunday,Night,Rainy,159,54,12,138,42
Burger,Thursday,Evening,Cloudy,369,16,5,288,29
Pizza,Monday,Afternoon,Snowy,93,69,15,119,27
Pasta,Friday,Afternoon,Sunny,104,80,22,267,11
Pasta,Friday,Evening,Sunny,213,94,8,290,46
Pizza,Thursday,Evening,Cloudy,218,52,11,40,11
Pasta,Thursday,Morning,Rainy,359,28,2,67,32
Burger,Wednesday,Evening,Sunny,367,88,7,45,6
Pasta,Thursday,Morning,Cloudy,385,17,27,202,23
Burger,Sunday,Morning,Rainy,449,11,20,30,27
Sandwich,Friday,Night,Snowy,482,25,13,158,35
Pasta,Monday,Morning,Cloudy,453,35,26,57,42
Pizza,Monday,Night,Cloudy,357,28,17,29,21
Pasta,Friday,Evening,Snowy,487,71,7,284,14
Sandwich,Friday,Evening,Cloudy,328,83,4,291,40
Pizza,Saturday,Morning,Cloudy,402,85,6,19,18
Burger,Thursday,Morning,Cloudy,452,28,5,156,16
Sandwich,Saturday,Evening,Rainy,189,51,13,235,20
Pasta,Sunday,Afternoon,Cloudy,360,50,7,54,44
Pasta,Tuesday,Evening,Sunny,241,68,18,89,14
Sandwich,Saturday,Afternoon,Rainy,168,66,29,185,43
