date,item,sales,day_of_week,holiday,promotion
2024-01-01,Salad,54,Monday,0,0
2024-01-02,Sushi,159,Tuesday,0,0
2024-01-03,Burger,153,Wednesday,0,0
2024-01-04,Pizza,106,Thursday,0,1
2024-01-05,Burger,193,Friday,0,1
2024-01-06,Sushi,110,Saturday,0,1
2024-01-07,Pizza,102,Sunday,0,1
2024-01-08,Sushi,161,Monday,0,1
2024-01-09,Salad,195,Tuesday,0,0
2024-01-10,Sushi,142,Wednesday,0,0
2024-01-11,Burger,64,Thursday,0,0
2024-01-12,Salad,123,Friday,0,1
2024-01-13,Pizza,126,Saturday,0,1
2024-01-14,Salad,186,Sunday,1,1
2024-01-15,Salad,146,Monday,0,1
2024-01-16,Pizza,295,Tuesday,0,1
2024-01-17,Sushi,286,Wednesday,0,0
2024-01-18,Pasta,62,Thursday,0,1
2024-01-19,Burger,190,Friday,0,0
2024-01-20,Pasta,244,Saturday,1,1
2024-01-21,Burger,268,Sunday,1,1
2024-01-22,Burger,219,Monday,0,1
2024-01-23,Sushi,105,Tuesday,0,1
2024-01-24,Pizza,294,Wednesday,0,1
2024-01-25,Sushi,291,Thursday,0,1
2024-01-26,Pasta,228,Friday,0,1
2024-01-27,Burger,50,Saturday,0,0
2024-01-28,Burger,263,Sunday,0,1
2024-01-29,Sushi,147,Monday,0,0
2024-01-30,Burger,60,Tuesday,0,0
2024-01-31,Sushi,238,Wednesday,0,1
2024-02-01,Pasta,168,Thursday,0,0
2024-02-02,Sushi,61,Friday,0,0
2024-02-03,Sushi,171,Saturday,1,1
2024-02-04,Burger,108,Sunday,1,1
2024-02-05,Burger,197,Monday,0,0
2024-02-06,Pasta,257,Tuesday,0,0
2024-02-07,Salad,250,Wednesday,0,1
2024-02-08,Pizza,120,Thursday,0,1
2024-02-09,Burger,244,Friday,0,1
2024-02-10,Burger,74,Saturday,0,0
2024-02-11,Sushi,212,Sunday,1,0
2024-02-12,Burger,132,Monday,0,0
2024-02-13,Sushi,210,Tuesday,0,1
2024-02-14,Salad,54,Wednesday,0,0
2024-02-15,Burger,298,Thursday,0,0
2024-02-16,Salad,272,Friday,0,0
2024-02-17,Sushi,129,Saturday,0,1
2024-02-18,Sushi,68,Sunday,0,0
2024-02-19,Salad,253,Monday,0,1
2024-02-20,Sushi,159,Tuesday,0,1
2024-02-21,Sushi,64,Wednesday,0,0
2024-02-22,Sushi,65,Thursday,0,0
2024-02-23,Pasta,234,Friday,0,0
2024-02-24,Pizza,113,Saturday,1,0
2024-02-25,Salad,200,Sunday,0,1
2024-02-26,Burger,65,Monday,0,0
2024-02-27,Pasta,157,Tuesday,0,1
2024-02-28,Sushi,286,Wednesday,0,1
2024-02-29,Burger,110,Thursday,0,0
2024-03-01,Sushi,138,Friday,0,1
2024-03-02,Salad,86,Saturday,1,1
2024-03-03,Pasta,116,Sunday,1,1
2024-03-04,Pizza,93,Monday,0,0
2024-03-05,Pasta,193,Tuesday,0,1
2024-03-06,Pasta,186,Wednesday,0,0
2024-03-07,Pizza,54,Thursday,0,0
2024-03-08,Sushi,274,Friday,0,0
2024-03-09,Burger,87,Saturday,1,1
2024-03-10,Sushi,55,Sunday,0,0
2024-03-11,Sushi,195,Monday,0,1
2024-03-12,Pizza,254,Tuesday,0,0
2024-03-13,Sushi,281,Wednesday,0,0
2024-03-14,Pizza,206,Thursday,0,0
2024-03-15,Pizza,130,Friday,0,0
2024-03-16,Sushi,145,Saturday,1,1
2024-03-17,Pizza,79,Sunday,0,0
2024-03-18,Pasta,173,Monday,0,0
2024-03-19,Sushi,292,Tuesday,0,0
2024-03-20,Pasta,225,Wednesday,0,0
2024-03-21,Pasta,107,Thursday,0,0
2024-03-22,Burger,293,Friday,0,1
2024-03-23,Salad,238,Saturday,1,1
2024-03-24,Salad,272,Sunday,0,1
2024-03-25,Salad,270,Monday,0,1
2024-03-26,Sushi,230,Tuesday,0,1
2024-03-27,Pasta,222,Wednesday,0,0
2024-03-28,Pizza,286,Thursday,0,0
2024-03-29,Salad,123,Friday,0,1
2024-03-30,Burger,145,Saturday,0,1
2024-03-31,Salad,291,Sunday,1,0
2024-04-01,Pasta,251,Monday,0,1
2024-04-02,Burger,285,Tuesday,0,0
2024-04-03,Salad,174,Wednesday,0,0
2024-04-04,Salad,56,Thursday,0,1
2024-04-05,Pizza,114,Friday,0,0
2024-04-06,Sushi,137,Saturday,0,0
2024-04-07,Pasta,229,Sunday,1,0
2024-04-08,Pasta,248,Monday,0,1
2024-04-09,Pizza,206,Tuesday,0,0
2024-04-10,Burger,179,Wednesday,0,0
2024-04-11,Salad,191,Thursday,0,0
2024-04-12,Pasta,109,Friday,0,0
2024-04-13,Salad,231,Saturday,1,1
2024-04-14,Burger,184,Sunday,0,1
2024-04-15,Burger,157,Monday,0,0
2024-04-16,Salad,133,Tuesday,0,0
2024-04-17,Burger,195,Wednesday,0,0
2024-04-18,Salad,212,Thursday,0,1
2024-04-19,Burger,240,Friday,0,1
2024-04-20,Pizza,231,Saturday,1,0
2024-04-21,Pasta,129,Sunday,1,0
2024-04-22,Pizza,151,Monday,0,0
2024-04-23,Burger,194,Tuesday,0,1
2024-04-24,Pasta,277,Wednesday,0,1
2024-04-25,Burger,71,Thursday,0,0
2024-04-26,Salad,52,Friday,0,0
2024-04-27,Burger,127,Saturday,0,0
2024-04-28,Salad,176,Sunday,1,1
2024-04-29,Burger,150,Monday,0,0
2024-04-30,Sushi,104,Tuesday,0,0
2024-05-01,Burger,206,Wednesday,0,0
2024-05-02,Burger,246,Thursday,0,1
2024-05-03,Burger,157,Friday,0,0
2024-05-04,Pizza,200,Saturday,1,1
2024-05-05,Salad,86,Sunday,0,1
2024-05-06,Burger,190,Monday,0,1
2024-05-07,Pizza,139,Tuesday,0,0
2024-05-08,Burger,256,Wednesday,0,0
2024-05-09,Sushi,197,Thursday,0,1
2024-05-10,Pizza,82,Friday,0,1
2024-05-11,Pizza,259,Saturday,0,1
2024-05-12,Sushi,50,Sunday,0,0
2024-05-13,Salad,295,Monday,0,1
2024-05-14,Sushi,231,Tuesday,0,0
2024-05-15,Pasta,181,Wednesday,0,1
2024-05-16,Salad,60,Thursday,0,1
2024-05-17,Pasta,217,Friday,0,1
2024-05-18,Sushi,97,Saturday,0,0
2024-05-19,Sushi,263,Sunday,1,0
2024-05-20,Salad,107,Monday,0,0
2024-05-21,Sushi,127,Tuesday,0,0
2024-05-22,Sushi,122,Wednesday,0,0
2024-05-23,Sushi,61,Thursday,0,1
2024-05-24,Burger,230,Friday,0,1
2024-05-25,Sushi,269,Saturday,1,0
2024-05-26,Salad,257,Sunday,1,0
2024-05-27,Pizza,299,Monday,0,1
2024-05-28,Burger,176,Tuesday,0,0
2024-05-29,Burger,291,Wednesday,0,0
2024-05-30,Pizza,99,Thursday,0,0
2024-05-31,Pasta,278,Friday,0,0
2024-06-01,Pasta,244,Saturday,0,1
2024-06-02,Pizza,206,Sunday,1,1
2024-06-03,Pizza,263,Monday,0,0
2024-06-04,Salad,170,Tuesday,0,1
2024-06-05,Pasta,207,Wednesday,0,1
2024-06-06,Salad,259,Thursday,0,0
2024-06-07,Salad,90,Friday,0,0
2024-06-08,Sushi,149,Saturday,0,0
2024-06-09,Salad,151,Sunday,0,1
2024-06-10,Salad,148,Monday,0,0
2024-06-11,Burger,272,Tuesday,0,1
2024-06-12,Sushi,279,Wednesday,0,1
2024-06-13,Burger,151,Thursday,0,1
2024-06-14,Burger,147,Friday,0,0
2024-06-15,Burger,223,Saturday,1,1
2024-06-16,Burger,162,Sunday,0,0
2024-06-17,Salad,199,Monday,0,0
2024-06-18,Pasta,238,Tuesday,0,0
2024-06-19,Pizza,204,Wednesday,0,0
2024-06-20,Sushi,86,Thursday,0,1
2024-06-21,Sushi,258,Friday,0,0
2024-06-22,Pasta,169,Saturday,0,1
2024-06-23,Sushi,232,Sunday,0,1
2024-06-24,Salad,275,Monday,0,0
2024-06-25,Pasta,156,Tuesday,0,1
2024-06-26,Pasta,140,Wednesday,0,0
2024-06-27,Pasta,65,Thursday,0,1
2024-06-28,Pizza,190,Friday,0,1
2024-06-29,Burger,91,Saturday,1,1
2024-06-30,Pasta,291,Sunday,1,0
2024-07-01,Sushi,296,Monday,0,0
2024-07-02,Pizza,114,Tuesday,0,0
2024-07-03,Pasta,214,Wednesday,0,0
2024-07-04,Burger,238,Thursday,0,1
2024-07-05,Sushi,133,Friday,0,1
2024-07-06,Sushi,105,Saturday,1,1
2024-07-07,Pizza,143,Sunday,0,0
2024-07-08,Pizza,67,Monday,0,0
2024-07-09,Sushi,68,Tuesday,0,1
2024-07-10,Sushi,232,Wednesday,0,1
2024-07-11,Burger,265,Thursday,0,0
2024-07-12,Salad,179,Friday,0,1
2024-07-13,Sushi,175,Saturday,1,0
2024-07-14,Burger,124,Sunday,1,1
2024-07-15,Pasta,140,Monday,0,0
2024-07-16,Salad,85,Tuesday,0,1
2024-07-17,Salad,130,Wednesday,0,1
2024-07-18,Burger,175,Thursday,0,1
2024-07-19,Burger,299,Friday,0,1
2024-07-20,Pasta,252,Saturday,0,1
2024-07-21,Burger,170,Sunday,1,0
2024-07-22,Burger,173,Monday,0,0
2024-07-23,Sushi,193,Tuesday,0,1
2024-07-24,Burger,219,Wednesday,0,0
2024-07-25,Pizza,175,Thursday,0,1
2024-07-26,Salad,179,Friday,0,0
2024-07-27,Sushi,139,Saturday,0,0
2024-07-28,Pasta,113,Sunday,1,0
2024-07-29,Pizza,142,Monday,0,1
2024-07-30,Pasta,220,Tuesday,0,0
2024-07-31,Pasta,276,Wednesday,0,0
2024-08-01,Salad,69,Thursday,0,1
2024-08-02,Burger,229,Friday,0,1
2024-08-03,Burger,204,Saturday,0,0
2024-08-04,Pasta,105,Sunday,1,1
2024-08-05,Sushi,235,Monday,0,1
2024-08-06,Salad,277,Tuesday,0,0
2024-08-07,Burger,195,Wednesday,0,1
2024-08-08,Salad,157,Thursday,0,0
2024-08-09,Pizza,240,Friday,0,0
2024-08-10,Pasta,270,Saturday,0,0
2024-08-11,Burger,204,Sunday,0,0
2024-08-12,Pizza,157,Monday,0,0
2024-08-13,Sushi,109,Tuesday,0,0
2024-08-14,Pizza,55,Wednesday,0,1
2024-08-15,Salad,265,Thursday,0,1
2024-08-16,Sushi,228,Friday,0,1
2024-08-17,Salad,197,Saturday,1,1
2024-08-18,Sushi,160,Sunday,0,1
2024-08-19,Pasta,163,Monday,0,1
2024-08-20,Burger,225,Tuesday,0,0
2024-08-21,Sushi,94,Wednesday,0,1
2024-08-22,Burger,214,Thursday,0,1
2024-08-23,Sushi,225,Friday,0,1
2024-08-24,Sushi,223,Saturday,1,1
2024-08-25,Salad,76,Sunday,1,1
2024-08-26,Burger,76,Monday,0,0
2024-08-27,Pasta,128,Tuesday,0,1
2024-08-28,Sushi,166,Wednesday,0,1
2024-08-29,Pizza,300,Thursday,0,0
2024-08-30,Burger,138,Friday,0,1
2024-08-31,Sushi,60,Saturday,1,1
2024-09-01,Pizza,242,Sunday,1,1
2024-09-02,Pizza,157,Monday,0,1
2024-09-03,Pizza,119,Tuesday,0,0
2024-09-04,Sushi,267,Wednesday,0,1
2024-09-05,Burger,241,Thursday,0,1
2024-09-06,Pizza,205,Friday,0,0
2024-09-07,Sushi,96,Saturday,1,0
2024-09-08,Burger,88,Sunday,0,1
2024-09-09,Sushi,230,Monday,0,1
2024-09-10,Salad,221,Tuesday,0,1
2024-09-11,Salad,271,Wednesday,0,0
2024-09-12,Pasta,238,Thursday,0,0
2024-09-13,Sushi,126,Friday,0,0
2024-09-14,Pasta,199,Saturday,0,1
2024-09-15,Salad,81,Sunday,0,1
2024-09-16,Sushi,280,Monday,0,1
2024-09-17,Pasta,149,Tuesday,0,0
2024-09-18,Salad,84,Wednesday,0,1
2024-09-19,Sushi,109,Thursday,0,0
2024-09-20,Sushi,73,Friday,0,0
2024-09-21,Burger,142,Saturday,1,1
2024-09-22,Sushi,260,Sunday,0,0
2024-09-23,Sushi,93,Monday,0,0
2024-09-24,Pizza,269,Tuesday,0,0
2024-09-25,Pizza,276,Wednesday,0,0
2024-09-26,Pasta,275,Thursday,0,0
2024-09-27,Pasta,194,Friday,0,0
2024-09-28,Pasta,115,Saturday,1,1
2024-09-29,Sushi,133,Sunday,0,0
2024-09-30,Pizza,123,Monday,0,1
2024-10-01,Pizza,146,Tuesday,0,0
2024-10-02,Pizza,295,Wednesday,0,0
2024-10-03,Sushi,117,Thursday,0,0
2024-10-04,Burger,103,Friday,0,1
2024-10-05,Pasta,72,Saturday,1,1
2024-10-06,Sushi,57,Sunday,1,1
2024-10-07,Salad,66,Monday,0,1
2024-10-08,Salad,73,Tuesday,0,0
2024-10-09,Salad,200,Wednesday,0,0
2024-10-10,Burger,153,Thursday,0,1
2024-10-11,Salad,132,Friday,0,1
2024-10-12,Burger,75,Saturday,1,0
2024-10-13,Salad,105,Sunday,0,0
2024-10-14,Pizza,299,Monday,0,1
2024-10-15,Salad,209,Tuesday,0,1
2024-10-16,Pasta,262,Wednesday,0,0
2024-10-17,Pizza,137,Thursday,0,1
2024-10-18,Salad,252,Friday,0,1
2024-10-19,Pasta,174,Saturday,0,1
2024-10-20,Pasta,192,Sunday,1,1
2024-10-21,Pizza,111,Monday,0,0
2024-10-22,Pizza,82,Tuesday,0,1
2024-10-23,Pasta,202,Wednesday,0,1
2024-10-24,Pasta,256,Thursday,0,0
2024-10-25,Sushi,77,Friday,0,1
2024-10-26,Salad,159,Saturday,1,0
2024-10-27,Sushi,157,Sunday,0,1
2024-10-28,Burger,296,Monday,0,1
2024-10-29,Burger,72,Tuesday,0,0
2024-10-30,Sushi,74,Wednesday,0,1
2024-10-31,Pasta,108,Thursday,0,1
2024-11-01,Salad,231,Friday,0,0
2024-11-02,Sushi,59,Saturday,0,0
2024-11-03,Pasta,162,Sunday,0,1
2024-11-04,Burger,92,Monday,0,0
2024-11-05,Sushi,261,Tuesday,0,0
2024-11-06,Salad,53,Wednesday,0,1
2024-11-07,Pizza,186,Thursday,0,1
2024-11-08,Burger,170,Friday,0,1
2024-11-09,Pasta,112,Saturday,0,1
2024-11-10,Sushi,91,Sunday,1,1
2024-11-11,Pasta,109,Monday,0,0
2024-11-12,Pasta,56,Tuesday,0,1
2024-11-13,Pasta,187,Wednesday,0,1
2024-11-14,Pasta,223,Thursday,0,0
2024-11-15,Pizza,187,Friday,0,0
2024-11-16,Pasta,192,Saturday,0,0
2024-11-17,Pizza,108,Sunday,0,1
2024-11-18,Salad,244,Monday,0,1
2024-11-19,Pizza,90,Tuesday,0,1
2024-11-20,Burger,138,Wednesday,0,1
2024-11-21,Sushi,229,Thursday,0,1
2024-11-22,Salad,293,Friday,0,0
2024-11-23,Sushi,279,Saturday,1,0
2024-11-24,Pizza,116,Sunday,1,0
2024-11-25,Sushi,152,Monday,0,1
2024-11-26,Pizza,180,Tuesday,0,1
2024-11-27,Burger,219,Wednesday,0,0
2024-11-28,Sushi,228,Thursday,0,1
2024-11-29,Pizza,111,Friday,0,0
2024-11-30,Sushi,225,Saturday,0,1
2024-12-01,Burger,266,Sunday,1,0
2024-12-02,Pasta,235,Monday,0,0
2024-12-03,Sushi,275,Tuesday,0,1
2024-12-04,Burger,78,Wednesday,0,1
2024-12-05,Pizza,151,Thursday,0,1
2024-12-06,Pasta,81,Friday,0,1
2024-12-07,Burger,292,Saturday,1,1
2024-12-08,Pasta,77,Sunday,0,0
2024-12-09,Sushi,100,Monday,0,0
2024-12-10,Sushi,180,Tuesday,0,1
2024-12-11,Burger,278,Wednesday,0,0
2024-12-12,Burger,224,Thursday,0,0
2024-12-13,Pizza,53,Friday,0,0
2024-12-14,Burger,258,Saturday,1,1
2024-12-15,Burger,250,Sunday,0,0
2024-12-16,Pasta,258,Monday,0,0
2024-12-17,Pizza,68,Tuesday,0,1
2024-12-18,Sushi,62,Wednesday,0,0
2024-12-19,Salad,114,Thursday,0,1
2024-12-20,Sushi,57,Friday,0,0
2024-12-21,Pasta,166,Saturday,0,0
2024-12-22,Sushi,121,Sunday,0,1
2024-12-23,Pasta,99,Monday,0,0
2024-12-24,Pasta,75,Tuesday,0,1
2024-12-25,Salad,172,Wednesday,0,0
2024-12-26,Salad,170,Thursday,0,1
2024-12-27,Salad,163,Friday,0,0
2024-12-28,Sushi,82,Saturday,1,0
2024-12-29,Pasta,142,Sunday,0,0
2024-12-30,Sushi,216,Monday,0,1
2024-12-31,Burger,248,Tuesday,0,1
2025-01-01,Salad,284,Wednesday,0,1
2025-01-02,Salad,137,Thursday,0,1
2025-01-03,Salad,82,Friday,0,1
2025-01-04,Salad,257,Saturday,1,0
2025-01-05,Salad,62,Sunday,1,1
2025-01-06,Pasta,166,Monday,0,0
2025-01-07,Sushi,288,Tuesday,0,1
2025-01-08,Sushi,109,Wednesday,0,0
2025-01-09,Burger,62,Thursday,0,1
2025-01-10,Burger,221,Friday,0,1
2025-01-11,Salad,74,Saturday,1,1
2025-01-12,Salad,269,Sunday,0,1
2025-01-13,Sushi,293,Monday,0,1
2025-01-14,Sushi,133,Tuesday,0,0
2025-01-15,Pizza,263,Wednesday,0,1
2025-01-16,Pizza,128,Thursday,0,0
2025-01-17,Pizza,238,Friday,0,0
2025-01-18,Pizza,238,Saturday,1,1
2025-01-19,Burger,160,Sunday,1,0
2025-01-20,Salad,186,Monday,0,1
2025-01-21,Pasta,201,Tuesday,0,1
2025-01-22,Pizza,257,Wednesday,0,1
2025-01-23,Pasta,265,Thursday,0,0
2025-01-24,Burger,271,Friday,0,0
2025-01-25,Burger,261,Saturday,0,0
2025-01-26,Salad,222,Sunday,1,1
2025-01-27,Pizza,102,Monday,0,0
2025-01-28,Sushi,182,Tuesday,0,1
2025-01-29,Sushi,71,Wednesday,0,1
2025-01-30,Burger,70,Thursday,0,1
2025-01-31,Burger,231,Friday,0,1
2025-02-01,Sushi,133,Saturday,0,1
2025-02-02,Burger,50,Sunday,1,1
2025-02-03,Burger,68,Monday,0,1
2025-02-04,Pasta,80,Tuesday,0,1
2025-02-05,Burger,176,Wednesday,0,1
2025-02-06,Salad,90,Thursday,0,0
2025-02-07,Sushi,258,Friday,0,0
2025-02-08,Pasta,155,Saturday,0,1
2025-02-09,Sushi,185,Sunday,1,0
2025-02-10,Pasta,260,Monday,0,0
2025-02-11,Salad,129,Tuesday,0,0
2025-02-12,Pasta,268,Wednesday,0,1
2025-02-13,Sushi,185,Thursday,0,0
2025-02-14,Pizza,136,Friday,0,0
2025-02-15,Burger,267,Saturday,1,1
2025-02-16,Salad,223,Sunday,0,0
2025-02-17,Sushi,214,Monday,0,1
2025-02-18,Burger,88,Tuesday,0,0
2025-02-19,Sushi,64,Wednesday,0,0
2025-02-20,Pasta,118,Thursday,0,1
2025-02-21,Pasta,147,Friday,0,1
2025-02-22,Burger,88,Saturday,0,1
2025-02-23,Salad,114,Sunday,0,0
2025-02-24,Sushi,263,Monday,0,1
2025-02-25,Pasta,261,Tuesday,0,1
2025-02-26,Pizza,252,Wednesday,0,0
2025-02-27,Pasta,82,Thursday,0,1
2025-02-28,Pasta,268,Friday,0,1
2025-03-01,Pizza,88,Saturday,1,1
2025-03-02,Pasta,144,Sunday,0,1
2025-03-03,Salad,254,Monday,0,1
2025-03-04,Pizza,243,Tuesday,0,1
2025-03-05,Salad,62,Wednesday,0,0
2025-03-06,Burger,265,Thursday,0,1
2025-03-07,Sushi,251,Friday,0,1
2025-03-08,Sushi,270,Saturday,0,0
2025-03-09,Sushi,112,Sunday,0,1
2025-03-10,Pasta,193,Monday,0,0
2025-03-11,Salad,151,Tuesday,0,1
2025-03-12,Salad,80,Wednesday,0,1
2025-03-13,Salad,246,Thursday,0,0
2025-03-14,Burger,300,Friday,0,1
2025-03-15,Salad,271,Saturday,0,1
2025-03-16,Pizza,204,Sunday,1,1
2025-03-17,Burger,111,Monday,0,1
2025-03-18,Pizza,212,Tuesday,0,1
2025-03-19,Sushi,72,Wednesday,0,0
2025-03-20,Salad,206,Thursday,0,1
2025-03-21,Salad,267,Friday,0,0
2025-03-22,Burger,252,Saturday,1,1
2025-03-23,Pasta,257,Sunday,1,1
2025-03-24,Sushi,63,Monday,0,1
2025-03-25,Pasta,86,Tuesday,0,0
2025-03-26,Sushi,240,Wednesday,0,0
2025-03-27,Sushi,248,Thursday,0,0
2025-03-28,Burger,157,Friday,0,0
2025-03-29,Burger,195,Saturday,0,0
2025-03-30,Pasta,223,Sunday,0,1
2025-03-31,Burger,256,Monday,0,1
2025-04-01,Sushi,198,Tuesday,0,1
2025-04-02,Salad,91,Wednesday,0,1
2025-04-03,Pizza,174,Thursday,0,0
2025-04-04,Pasta,64,Friday,0,0
2025-04-05,Pasta,153,Saturday,0,0
2025-04-06,Pasta,238,Sunday,0,1
2025-04-07,Burger,88,Monday,0,0
2025-04-08,Sushi,191,Tuesday,0,1
2025-04-09,Sushi,250,Wednesday,0,1
2025-04-10,Sushi,119,Thursday,0,1
2025-04-11,Pizza,141,Friday,0,0
2025-04-12,Pizza,131,Saturday,1,1
2025-04-13,Sushi,160,Sunday,1,1
2025-04-14,Sushi,251,Monday,0,0
2025-04-15,Salad,253,Tuesday,0,0
2025-04-16,Sushi,213,Wednesday,0,1
2025-04-17,Salad,219,Thursday,0,1
2025-04-18,Burger,181,Friday,0,1
2025-04-19,Sushi,265,Saturday,0,0
2025-04-20,Pizza,260,Sunday,1,1
2025-04-21,Salad,148,Monday,0,1
2025-04-22,Salad,300,Tuesday,0,1
2025-04-23,Pizza,150,Wednesday,0,1
2025-04-24,Pasta,121,Thursday,0,0
2025-04-25,Salad,155,Friday,0,1
2025-04-26,Burger,296,Saturday,0,1
2025-04-27,Sushi,266,Sunday,0,0
2025-04-28,Salad,129,Monday,0,1
2025-04-29,Pasta,271,Tuesday,0,0
2025-04-30,Salad,158,Wednesday,0,0
2025-05-01,Pasta,131,Thursday,0,1
2025-05-02,Pizza,210,Friday,0,0
2025-05-03,Pizza,79,Saturday,0,1
2025-05-04,Salad,286,Sunday,1,0
2025-05-05,Burger,209,Monday,0,1
2025-05-06,Pasta,99,Tuesday,0,1
2025-05-07,Burger,244,Wednesday,0,0
2025-05-08,Burger,277,Thursday,0,1
2025-05-09,Salad,249,Friday,0,1
2025-05-10,Salad,80,Saturday,0,0
2025-05-11,Sushi,159,Sunday,0,1
2025-05-12,Sushi,289,Monday,0,1
2025-05-13,Pasta,155,Tuesday,0,1
2025-05-14,Pizza,188,Wednesday,0,0
2025-05-15,Pasta,105,Thursday,0,1
2025-05-16,Pizza,61,Friday,0,1
2025-05-17,Pizza,285,Saturday,1,0
2025-05-18,Pasta,201,Sunday,1,1
2025-05-19,Pasta,136,Monday,0,1
2025-05-20,Pasta,153,Tuesday,0,0
2025-05-21,Sushi,186,Wednesday,0,0
2025-05-22,Sushi,271,Thursday,0,1
2025-05-23,Burger,95,Friday,0,0
2025-05-24,Burger,128,Saturday,1,0
2025-05-25,Pasta,182,Sunday,0,1
2025-05-26,Burger,262,Monday,0,0
2025-05-27,Sushi,191,Tuesday,0,0
2025-05-28,Salad,118,Wednesday,0,0
2025-05-29,Sushi,231,Thursday,0,0
2025-05-30,Pizza,134,Friday,0,1
2025-05-31,Burger,164,Saturday,0,0
2025-06-01,Sushi,114,Sunday,1,1
2025-06-02,Pizza,163,Monday,0,0
2025-06-03,Salad,171,Tuesday,0,0
2025-06-04,Sushi,216,Wednesday,0,1
2025-06-05,Burger,226,Thursday,0,0
2025-06-06,Sushi,55,Friday,0,0
2025-06-07,Salad,107,Saturday,0,0
2025-06-08,Salad,186,Sunday,1,0
2025-06-09,Pasta,164,Monday,0,0
2025-06-10,Pasta,181,Tuesday,0,1
2025-06-11,Burger,66,Wednesday,0,0
2025-06-12,Pizza,194,Thursday,0,1
2025-06-13,Pizza,175,Friday,0,0
2025-06-14,Salad,113,Saturday,1,1
2025-06-15,Pasta,53,Sunday,0,1
2025-06-16,Salad,156,Monday,0,0
2025-06-17,Salad,152,Tuesday,0,1
2025-06-18,Pizza,282,Wednesday,0,0
2025-06-19,Pasta,51,Thursday,0,0
2025-06-20,Burger,153,Friday,0,1
2025-06-21,Salad,187,Saturday,0,1
2025-06-22,Sushi,163,Sunday,1,1
2025-06-23,Pasta,117,Monday,0,0
2025-06-24,Pizza,106,Tuesday,0,1
2025-06-25,Sushi,102,Wednesday,0,0
2025-06-26,Sushi,135,Thursday,0,1
2025-06-27,Sushi,147,Friday,0,0
2025-06-28,Pasta,292,Saturday,1,0
2025-06-29,Sushi,286,Sunday,1,0
2025-06-30,Sushi,239,Monday,0,0
2025-07-01,Sushi,226,Tuesday,0,0
2025-07-02,Burger,147,Wednesday,0,1
2025-07-03,Pizza,50,Thursday,0,1
2025-07-04,Sushi,126,Friday,0,0
2025-07-05,Sushi,247,Saturday,1,1
2025-07-06,Pasta,97,Sunday,0,0
2025-07-07,Pasta,119,Monday,0,0
2025-07-08,Pasta,228,Tuesday,0,1
2025-07-09,Pasta,61,Wednesday,0,0
2025-07-10,Salad,127,Thursday,0,0
2025-07-11,Burger,192,Friday,0,0
2025-07-12,Pizza,65,Saturday,1,0
2025-07-13,Burger,148,Sunday,0,0
2025-07-14,Salad,123,Monday,0,1
2025-07-15,Pizza,87,Tuesday,0,0
2025-07-16,Salad,113,Wednesday,0,1
2025-07-17,Pizza,147,Thursday,0,1
2025-07-18,Pasta,166,Friday,0,0
2025-07-19,Salad,89,Saturday,1,0
2025-07-20,Sushi,259,Sunday,0,0
2025-07-21,Burger,293,Monday,0,1
2025-07-22,Burger,207,Tuesday,0,1
2025-07-23,Burger,208,Wednesday,0,0
2025-07-24,Pasta,186,Thursday,0,1
2025-07-25,Burger,120,Friday,0,1
2025-07-26,Pasta,137,Saturday,1,0
2025-07-27,Sushi,81,Sunday,1,1
2025-07-28,Pizza,159,Monday,0,0
2025-07-29,Sushi,280,Tuesday,0,1
2025-07-30,Burger,237,Wednesday,0,1
2025-07-31,Sushi,155,Thursday,0,1
2025-08-01,Salad,254,Friday,0,0
2025-08-02,Sushi,205,Saturday,0,0
2025-08-03,Salad,249,Sunday,0,0
2025-08-04,Pizza,111,Monday,0,0
2025-08-05,Sushi,146,Tuesday,0,0
2025-08-06,Salad,298,Wednesday,0,0
2025-08-07,Sushi,287,Thursday,0,0
2025-08-08,Pizza,212,Friday,0,1
2025-08-09,Pasta,231,Saturday,1,1
2025-08-10,Pasta,265,Sunday,1,1
2025-08-11,Pizza,168,Monday,0,0
2025-08-12,Pasta,223,Tuesday,0,0
2025-08-13,Sushi,155,Wednesday,0,0
2025-08-14,Pizza,64,Thursday,0,0
2025-08-15,Sushi,83,Friday,0,0
2025-08-16,Sushi,229,Saturday,1,0
2025-08-17,Salad,93,Sunday,1,1
2025-08-18,Salad,91,Monday,0,0
2025-08-19,Sushi,208,Tuesday,0,1
2025-08-20,Pizza,258,Wednesday,0,1
2025-08-21,Pizza,296,Thursday,0,0
2025-08-22,Pasta,257,Friday,0,0
2025-08-23,Burger,180,Saturday,1,0
2025-08-24,Salad,258,Sunday,1,0
2025-08-25,Burger,101,Monday,0,1
2025-08-26,Burger,209,Tuesday,0,1
2025-08-27,Sushi,296,Wednesday,0,0
2025-08-28,Burger,248,Thursday,0,0
2025-08-29,Salad,250,Friday,0,0
2025-08-30,Burger,152,Saturday,0,1
2025-08-31,Pizza,215,Sunday,0,0
2025-09-01,Pizza,293,Monday,0,1
2025-09-02,Sushi,89,Tuesday,0,1
2025-09-03,Pizza,227,Wednesday,0,0
2025-09-04,Sushi,93,Thursday,0,0
2025-09-05,Pizza,207,Friday,0,1
2025-09-06,Salad,232,Saturday,0,0
2025-09-07,Pizza,81,Sunday,0,0
2025-09-08,Sushi,289,Monday,0,1
2025-09-09,Pasta,57,Tuesday,0,1
2025-09-10,Salad,80,Wednesday,0,0
2025-09-11,Burger,241,Thursday,0,1
2025-09-12,Sushi,268,Friday,0,0
2025-09-13,Pizza,266,Saturday,0,0
2025-09-14,Sushi,111,Sunday,0,0
2025-09-15,Sushi,129,Monday,0,1
2025-09-16,Salad,61,Tuesday,0,1
2025-09-17,Burger,52,Wednesday,0,1
2025-09-18,Pizza,268,Thursday,0,0
2025-09-19,Burger,252,Friday,0,0
2025-09-20,Salad,231,Saturday,0,1
2025-09-21,Pizza,200,Sunday,0,0
2025-09-22,Salad,129,Monday,0,1
2025-09-23,Pasta,297,Tuesday,0,1
2025-09-24,Pizza,114,Wednesday,0,1
2025-09-25,Salad,292,Thursday,0,0
2025-09-26,Sushi,286,Friday,0,0
2025-09-27,Sushi,258,Saturday,1,1
2025-09-28,Burger,78,Sunday,0,1
2025-09-29,Sushi,138,Monday,0,0
2025-09-30,Pizza,243,Tuesday,0,0
2025-10-01,Pasta,273,Wednesday,0,1
2025-10-02,Burger,71,Thursday,0,0
2025-10-03,Salad,248,Friday,0,1
2025-10-04,Pasta,271,Saturday,0,0
2025-10-05,Salad,205,Sunday,1,1
2025-10-06,Sushi,298,Monday,0,1
2025-10-07,Burger,65,Tuesday,0,0
2025-10-08,Burger,61,Wednesday,0,1
2025-10-09,Sushi,88,Thursday,0,1
2025-10-10,Pasta,286,Friday,0,0
2025-10-11,Sushi,291,Saturday,1,1
2025-10-12,Pasta,113,Sunday,1,0
2025-10-13,Burger,259,Monday,0,0
2025-10-14,Burger,57,Tuesday,0,1
2025-10-15,Burger,280,Wednesday,0,1
2025-10-16,Burger,270,Thursday,0,0
2025-10-17,Sushi,114,Friday,0,0
2025-10-18,Pasta,294,Saturday,1,0
2025-10-19,Sushi,99,Sunday,0,1
2025-10-20,Burger,54,Monday,0,0
2025-10-21,Salad,135,Tuesday,0,1
2025-10-22,Pasta,297,Wednesday,0,0
2025-10-23,Salad,151,Thursday,0,0
2025-10-24,Burger,109,Friday,0,1
2025-10-25,Pasta,215,Saturday,1,0
2025-10-26,Salad,157,Sunday,0,0
2025-10-27,Salad,53,Monday,0,0
2025-10-28,Pasta,127,Tuesday,0,0
2025-10-29,Burger,134,Wednesday,0,0
2025-10-30,Pizza,120,Thursday,0,0
2025-10-31,Sushi,76,Friday,0,1
2025-11-01,Salad,93,Saturday,1,1
2025-11-02,Burger,260,Sunday,1,0
2025-11-03,Burger,124,Monday,0,1
2025-11-04,Burger,150,Tuesday,0,1
2025-11-05,Salad,194,Wednesday,0,1
2025-11-06,Pizza,57,Thursday,0,0
2025-11-07,Salad,208,Friday,0,1
2025-11-08,Salad,224,Saturday,1,1
2025-11-09,Burger,238,Sunday,1,1
2025-11-10,Burger,58,Monday,0,1
2025-11-11,Burger,104,Tuesday,0,0
2025-11-12,Salad,269,Wednesday,0,1
2025-11-13,Burger,258,Thursday,0,1
2025-11-14,Burger,290,Friday,0,1
2025-11-15,Salad,52,Saturday,0,0
2025-11-16,Pasta,233,Sunday,1,0
2025-11-17,Pizza,158,Monday,0,1
2025-11-18,Pizza,244,Tuesday,0,1
2025-11-19,Sushi,60,Wednesday,0,0
2025-11-20,Sushi,197,Thursday,0,0
2025-11-21,Burger,158,Friday,0,0
2025-11-22,Pizza,159,Saturday,0,1
2025-11-23,Salad,295,Sunday,0,0
2025-11-24,Pizza,63,Monday,0,0
2025-11-25,Pasta,293,Tuesday,0,1
2025-11-26,Pasta,147,Wednesday,0,0
2025-11-27,Pasta,215,Thursday,0,0
2025-11-28,Pasta,176,Friday,0,0
2025-11-29,Sushi,258,Saturday,1,0
2025-11-30,Sushi,157,Sunday,1,1
2025-12-01,Sushi,281,Monday,0,1
2025-12-02,Salad,136,Tuesday,0,1
2025-12-03,Pasta,151,Wednesday,0,0
2025-12-04,Sushi,67,Thursday,0,1
2025-12-05,Salad,169,Friday,0,1
2025-12-06,Salad,219,Saturday,0,1
2025-12-07,Pasta,51,Sunday,1,1
2025-12-08,Pasta,82,Monday,0,1
2025-12-09,Sushi,73,Tuesday,0,1
2025-12-10,Salad,176,Wednesday,0,0
2025-12-11,Pizza,209,Thursday,0,1
2025-12-12,Pasta,184,Friday,0,1
2025-12-13,Sushi,194,Saturday,1,1
2025-12-14,Pizza,144,Sunday,0,1
2025-12-15,Pizza,59,Monday,0,0
2025-12-16,Salad,266,Tuesday,0,1
2025-12-17,Burger,183,Wednesday,0,0
2025-12-18,Burger,137,Thursday,0,1
2025-12-19,Burger,119,Friday,0,1
2025-12-20,Sushi,165,Saturday,0,0
2025-12-21,Pasta,90,Sunday,0,1
2025-12-22,Salad,288,Monday,0,0
2025-12-23,Pasta,267,Tuesday,0,1
2025-12-24,Sushi,110,Wednesday,0,0
2025-12-25,Salad,73,Thursday,0,0
2025-12-26,Burger,276,Friday,0,1
2025-12-27,Burger,232,Saturday,0,1
2025-12-28,Burger,183,Sunday,1,0
2025-12-29,Pasta,87,Monday,0,0
2025-12-30,Sushi,158,Tuesday,0,1
2025-12-31,Sushi,296,Wednesday,0,0
2026-01-01,Burger,117,Thursday,0,0
2026-01-02,Burger,261,Friday,0,0
2026-01-03,Burger,90,Saturday,0,1
2026-01-04,Pasta,189,Sunday,0,0
2026-01-05,Pasta,90,Monday,0,0
2026-01-06,Salad,272,Tuesday,0,1
2026-01-07,Pasta,59,Wednesday,0,1
2026-01-08,Pasta,273,Thursday,0,0
2026-01-09,Burger,205,Friday,0,0
2026-01-10,Burger,105,Saturday,1,1
2026-01-11,Salad,115,Sunday,1,0
2026-01-12,Pasta,139,Monday,0,0
2026-01-13,Pasta,283,Tuesday,0,1
2026-01-14,Burger,233,Wednesday,0,1
2026-01-15,Sushi,53,Thursday,0,1
2026-01-16,Burger,90,Friday,0,0
2026-01-17,Sushi,115,Saturday,0,0
2026-01-18,Sushi,114,Sunday,0,0
2026-01-19,Sushi,113,Monday,0,0
2026-01-20,Burger,188,Tuesday,0,0
2026-01-21,Pizza,178,Wednesday,0,1
2026-01-22,Burger,241,Thursday,0,0
2026-01-23,Salad,113,Friday,0,1
2026-01-24,Salad,97,Saturday,1,0
2026-01-25,Pasta,147,Sunday,0,0
2026-01-26,Sushi,103,Monday,0,1
2026-01-27,Burger,127,Tuesday,0,1
2026-01-28,Sushi,288,Wednesday,0,0
2026-01-29,Salad,287,Thursday,0,1
2026-01-30,Pizza,82,Friday,0,1
2026-01-31,Pizza,137,Saturday,0,0
2026-02-01,Sushi,216,Sunday,0,1
2026-02-02,Sushi,287,Monday,0,0
2026-02-03,Burger,108,Tuesday,0,0
2026-02-04,Pasta,289,Wednesday,0,0
2026-02-05,Sushi,189,Thursday,0,1
2026-02-06,Pasta,108,Friday,0,0
2026-02-07,Salad,187,Saturday,0,1
2026-02-08,Pasta,191,Sunday,1,0
2026-02-09,Sushi,185,Monday,0,0
2026-02-10,Sushi,110,Tuesday,0,1
2026-02-11,Pasta,279,Wednesday,0,0
2026-02-12,Pizza,208,Thursday,0,0
2026-02-13,Sushi,278,Friday,0,0
2026-02-14,Salad,292,Saturday,0,1
2026-02-15,Sushi,189,Sunday,1,1
2026-02-16,Burger,257,Monday,0,1
2026-02-17,Sushi,290,Tuesday,0,0
2026-02-18,Pizza,144,Wednesday,0,1
2026-02-19,Burger,214,Thursday,0,1
2026-02-20,Burger,107,Friday,0,0
2026-02-21,Pasta,134,Saturday,1,1
2026-02-22,Sushi,60,Sunday,1,1
2026-02-23,Salad,177,Monday,0,1
2026-02-24,Pasta,204,Tuesday,0,0
2026-02-25,Pizza,264,Wednesday,0,0
2026-02-26,Pizza,285,Thursday,0,0
2026-02-27,Sushi,105,Friday,0,0
2026-02-28,Burger,75,Saturday,1,1
2026-03-01,Burger,155,Sunday,0,0
2026-03-02,Pasta,153,Monday,0,1
2026-03-03,Sushi,254,Tuesday,0,0
2026-03-04,Pizza,159,Wednesday,0,0
2026-03-05,Pizza,205,Thursday,0,0
2026-03-06,Burger,270,Friday,0,0
2026-03-07,Salad,98,Saturday,0,1
2026-03-08,Salad,100,Sunday,0,0
2026-03-09,Pizza,74,Monday,0,0
2026-03-10,Pasta,268,Tuesday,0,1
2026-03-11,Sushi,193,Wednesday,0,1
2026-03-12,Salad,129,Thursday,0,1
2026-03-13,Burger,143,Friday,0,0
2026-03-14,Salad,67,Saturday,0,0
2026-03-15,Pasta,55,Sunday,1,0
2026-03-16,Sushi,83,Monday,0,1
2026-03-17,Salad,92,Tuesday,0,0
2026-03-18,Pizza,220,Wednesday,0,1
2026-03-19,Burger,186,Thursday,0,0
2026-03-20,Salad,117,Friday,0,0
2026-03-21,Pasta,159,Saturday,1,0
2026-03-22,Salad,270,Sunday,1,1
2026-03-23,Salad,104,Monday,0,0
2026-03-24,Pasta,157,Tuesday,0,1
2026-03-25,Salad,294,Wednesday,0,0
2026-03-26,Burger,268,Thursday,0,1
2026-03-27,Pasta,121,Friday,0,0
2026-03-28,Pizza,293,Saturday,1,1
2026-03-29,Sushi,284,Sunday,0,1
2026-03-30,Pasta,256,Monday,0,1
2026-03-31,Pizza,272,Tuesday,0,1
2026-04-01,Pizza,178,Wednesday,0,1
2026-04-02,Pasta,294,Thursday,0,1
2026-04-03,Burger,52,Friday,0,1
2026-04-04,Pasta,232,Saturday,0,1
2026-04-05,Salad,202,Sunday,1,1
2026-04-06,Salad,131,Monday,0,0
2026-04-07,Pasta,168,Tuesday,0,1
2026-04-08,Pasta,196,Wednesday,0,1
2026-04-09,Salad,126,Thursday,0,1
2026-04-10,Pizza,155,Friday,0,1
2026-04-11,Burger,85,Saturday,0,0
2026-04-12,Salad,270,Sunday,1,1
2026-04-13,Salad,137,Monday,0,1
2026-04-14,Pizza,96,Tuesday,0,0
2026-04-15,Salad,73,Wednesday,0,0
2026-04-16,Salad,107,Thursday,0,1
2026-04-17,Pizza,90,Friday,0,0
2026-04-18,Pizza,77,Saturday,1,0
2026-04-19,Pasta,248,Sunday,0,0
2026-04-20,Burger,154,Monday,0,1
2026-04-21,Salad,197,Tuesday,0,0
2026-04-22,Salad,131,Wednesday,0,0
2026-04-23,Burger,300,Thursday,0,0
2026-04-24,Burger,150,Friday,0,1
2026-04-25,Salad,296,Saturday,0,1
2026-04-26,Sushi,62,Sunday,0,0
2026-04-27,Burger,298,Monday,0,1
2026-04-28,Pasta,218,Tuesday,0,0
2026-04-29,Sushi,99,Wednesday,0,1
2026-04-30,Sushi,77,Thursday,0,0
2026-05-01,Salad,258,Friday,0,1
2026-05-02,Pizza,205,Saturday,1,0
2026-05-03,Pizza,63,Sunday,0,0
2026-05-04,Salad,268,Monday,0,0
2026-05-05,Pasta,290,Tuesday,0,0
2026-05-06,Burger,64,Wednesday,0,0
2026-05-07,Salad,215,Thursday,0,0
2026-05-08,Salad,138,Friday,0,1
2026-05-09,Salad,92,Saturday,0,1
2026-05-10,Burger,250,Sunday,1,0
2026-05-11,Burger,96,Monday,0,1
2026-05-12,Burger,220,Tuesday,0,0
2026-05-13,Pasta,154,Wednesday,0,0
2026-05-14,Pizza,268,Thursday,0,1
2026-05-15,Pasta,91,Friday,0,1
2026-05-16,Pizza,119,Saturday,1,0
2026-05-17,Pasta,146,Sunday,1,1
2026-05-18,Pizza,150,Monday,0,1
2026-05-19,Sushi,77,Tuesday,0,0
2026-05-20,Salad,73,Wednesday,0,0
2026-05-21,Burger,163,Thursday,0,0
2026-05-22,Sushi,292,Friday,0,0
2026-05-23,Pasta,85,Saturday,1,0
2026-05-24,Pizza,140,Sunday,1,1
2026-05-25,Pasta,211,Monday,0,0
2026-05-26,Salad,208,Tuesday,0,0
2026-05-27,Sushi,289,Wednesday,0,1
2026-05-28,Sushi,234,Thursday,0,0
2026-05-29,Sushi,88,Friday,0,1
2026-05-30,Salad,164,Saturday,1,0
2026-05-31,Pizza,156,Sunday,1,0
2026-06-01,Sushi,245,Monday,0,1
2026-06-02,Pizza,146,Tuesday,0,0
2026-06-03,Pizza,70,Wednesday,0,0
2026-06-04,Burger,81,Thursday,0,0
2026-06-05,Pizza,66,Friday,0,0
2026-06-06,Burger,61,Saturday,0,1
2026-06-07,Pizza,154,Sunday,0,1
2026-06-08,Burger,58,Monday,0,1
2026-06-09,Salad,88,Tuesday,0,1
2026-06-10,Pasta,183,Wednesday,0,0
2026-06-11,Pasta,182,Thursday,0,0
2026-06-12,Salad,239,Friday,0,1
2026-06-13,Sushi,234,Saturday,0,0
2026-06-14,Pizza,126,Sunday,0,0
2026-06-15,Sushi,242,Monday,0,1
2026-06-16,Salad,66,Tuesday,0,1
2026-06-17,Burger,267,Wednesday,0,1
2026-06-18,Pasta,50,Thursday,0,1
2026-06-19,Burger,207,Friday,0,0
2026-06-20,Burger,61,Saturday,0,0
2026-06-21,Pizza,188,Sunday,1,0
2026-06-22,Sushi,140,Monday,0,1
2026-06-23,Pasta,96,Tuesday,0,0
2026-06-24,Sushi,298,Wednesday,0,1
2026-06-25,Burger,133,Thursday,0,1
2026-06-26,Salad,89,Friday,0,1
2026-06-27,Sushi,262,Saturday,1,0
2026-06-28,Pizza,244,Sunday,1,1
2026-06-29,Pizza,147,Monday,0,0
2026-06-30,Burger,190,Tuesday,0,1
2026-07-01,Pasta,123,Wednesday,0,1
2026-07-02,Burger,283,Thursday,0,1
2026-07-03,Burger,99,Friday,0,1
2026-07-04,Burger,111,Saturday,1,0
2026-07-05,Burger,143,Sunday,0,0
2026-07-06,Pasta,279,Monday,0,0
2026-07-07,Pizza,186,Tuesday,0,0
2026-07-08,Pizza,228,Wednesday,0,1
2026-07-09,Pizza,224,Thursday,0,1
2026-07-10,Pizza,154,Friday,0,0
2026-07-11,Pizza,209,Saturday,1,1
2026-07-12,Sushi,211,Sunday,1,1
2026-07-13,Salad,217,Monday,0,0
2026-07-14,Salad,86,Tuesday,0,0
2026-07-15,Pizza,198,Wednesday,0,0
2026-07-16,Sushi,250,Thursday,0,1
2026-07-17,Pizza,273,Friday,0,1
2026-07-18,Sushi,292,Saturday,1,1
2026-07-19,Sushi,89,Sunday,0,0
2026-07-20,Salad,165,Monday,0,1
2026-07-21,Salad,118,Tuesday,0,0
2026-07-22,Burger,94,Wednesday,0,1
2026-07-23,Sushi,223,Thursday,0,0
2026-07-24,Sushi,246,Friday,0,1
2026-07-25,Pizza,246,Saturday,1,1
2026-07-26,Pasta,135,Sunday,1,0
2026-07-27,Burger,190,Monday,0,0
2026-07-28,Burger,166,Tuesday,0,0
2026-07-29,Salad,245,Wednesday,0,0
2026-07-30,Pasta,179,Thursday,0,1
2026-07-31,Salad,172,Friday,0,1
2026-08-01,Salad,263,Saturday,0,0
2026-08-02,Pasta,74,Sunday,0,1
2026-08-03,Pasta,195,Monday,0,0
2026-08-04,Burger,197,Tuesday,0,0
2026-08-05,Salad,130,Wednesday,0,0
2026-08-06,Burger,158,Thursday,0,0
2026-08-07,Sushi,125,Friday,0,0
2026-08-08,Pasta,200,Saturday,1,0
2026-08-09,Burger,136,Sunday,1,1
2026-08-10,Salad,299,Monday,0,1
2026-08-11,Sushi,297,Tuesday,0,0
2026-08-12,Sushi,173,Wednesday,0,0
2026-08-13,Salad,201,Thursday,0,0
2026-08-14,Pizza,298,Friday,0,0
2026-08-15,Salad,163,Saturday,0,1
2026-08-16,Pasta,231,Sunday,1,0
2026-08-17,Pasta,176,Monday,0,1
2026-08-18,Sushi,232,Tuesday,0,1
2026-08-19,Salad,111,Wednesday,0,0
2026-08-20,Burger,244,Thursday,0,0
2026-08-21,Salad,68,Friday,0,0
2026-08-22,Burger,72,Saturday,0,0
2026-08-23,Sushi,199,Sunday,1,0
2026-08-24,Pizza,277,Monday,0,1
2026-08-25,Burger,247,Tuesday,0,1
2026-08-26,Pizza,275,Wednesday,0,1
2026-08-27,Sushi,278,Thursday,0,0
2026-08-28,Pasta,206,Friday,0,1
2026-08-29,Sushi,63,Saturday,1,1
2026-08-30,Burger,74,Sunday,1,0
2026-08-31,Pizza,92,Monday,0,1
2026-09-01,Pasta,257,Tuesday,0,0
2026-09-02,Pizza,235,Wednesday,0,0
2026-09-03,Sushi,59,Thursday,0,1
2026-09-04,Sushi,179,Friday,0,0
2026-09-05,Pizza,159,Saturday,0,0
2026-09-06,Pizza,144,Sunday,0,0
2026-09-07,Pasta,229,Monday,0,1
2026-09-08,Salad,133,Tuesday,0,0
2026-09-09,Sushi,105,Wednesday,0,0
2026-09-10,Burger,137,Thursday,0,0
2026-09-11,Sushi,133,Friday,0,1
2026-09-12,Burger,177,Saturday,1,0
2026-09-13,Burger,253,Sunday,1,0
2026-09-14,Sushi,175,Monday,0,1
2026-09-15,Pizza,70,Tuesday,0,1
2026-09-16,Burger,225,Wednesday,0,1
2026-09-17,Pasta,175,Thursday,0,0
2026-09-18,Salad,107,Friday,0,0
2026-09-19,Pasta,175,Saturday,1,0
2026-09-20,Sushi,275,Sunday,0,0
2026-09-21,Burger,137,Monday,0,0
2026-09-22,Pasta,73,Tuesday,0,1
2026-09-23,Sushi,98,Wednesday,0,0
2026-09-24,Pasta,81,Thursday,0,1
2026-09-25,Sushi,259,Friday,0,1
2026-09-26,Burger,81,Saturday,1,1
2026-09-27,Pasta,189,Sunday,1,0
2026-09-28,Sushi,281,Monday,0,0
2026-09-29,Pizza,158,Tuesday,0,1
2026-09-30,Sushi,281,Wednesday,0,1
2026-10-01,Pizza,94,Thursday,0,0
2026-10-02,Sushi,202,Friday,0,0
2026-10-03,Salad,272,Saturday,1,0
2026-10-04,Burger,276,Sunday,0,0
2026-10-05,Salad,195,Monday,0,1
2026-10-06,Salad,186,Tuesday,0,0
2026-10-07,Sushi,97,Wednesday,0,0
2026-10-08,Burger,208,Thursday,0,1
2026-10-09,Burger,140,Friday,0,1
2026-10-10,Pizza,193,Saturday,0,1
2026-10-11,Salad,286,Sunday,0,0
2026-10-12,Pasta,294,Monday,0,0
2026-10-13,Burger,78,Tuesday,0,1
2026-10-14,Sushi,298,Wednesday,0,1
2026-10-15,Pizza,280,Thursday,0,0
2026-10-16,Pizza,123,Friday,0,1
2026-10-17,Pizza,276,Saturday,1,1
2026-10-18,Burger,237,Sunday,0,1
2026-10-19,Pizza,143,Monday,0,1
2026-10-20,Burger,219,Tuesday,0,0
2026-10-21,Salad,127,Wednesday,0,1
2026-10-22,Sushi,103,Thursday,0,0
2026-10-23,Sushi,248,Friday,0,1
2026-10-24,Salad,195,Saturday,0,0
2026-10-25,Salad,79,Sunday,1,0
2026-10-26,Burger,298,Monday,0,0
2026-10-27,Pizza,124,Tuesday,0,1
2026-10-28,Pasta,100,Wednesday,0,0
2026-10-29,Salad,166,Thursday,0,0
2026-10-30,Salad,60,Friday,0,1
2026-10-31,Salad,153,Saturday,0,0
2026-11-01,Salad,167,Sunday,0,1
2026-11-02,Salad,58,Monday,0,0
2026-11-03,Pasta,149,Tuesday,0,1
2026-11-04,Salad,292,Wednesday,0,1
2026-11-05,Salad,285,Thursday,0,1
2026-11-06,Sushi,69,Friday,0,1
2026-11-07,Salad,182,Saturday,1,1
2026-11-08,Sushi,299,Sunday,1,0
2026-11-09,Salad,186,Monday,0,1
2026-11-10,Pizza,189,Tuesday,0,1
2026-11-11,Burger,77,Wednesday,0,1
2026-11-12,Pasta,243,Thursday,0,1
2026-11-13,Salad,176,Friday,0,0
2026-11-14,Sushi,113,Saturday,1,1
2026-11-15,Pizza,126,Sunday,0,1
2026-11-16,Pasta,106,Monday,0,0
2026-11-17,Sushi,97,Tuesday,0,1
2026-11-18,Pasta,288,Wednesday,0,0
2026-11-19,Burger,204,Thursday,0,1
2026-11-20,Pizza,127,Friday,0,1
2026-11-21,Sushi,196,Saturday,0,0
2026-11-22,Burger,105,Sunday,0,0
2026-11-23,Burger,105,Monday,0,1
2026-11-24,Salad,170,Tuesday,0,0
2026-11-25,Salad,258,Wednesday,0,1
2026-11-26,Salad,72,Thursday,0,0
2026-11-27,Burger,138,Friday,0,0
2026-11-28,Sushi,133,Saturday,1,0
2026-11-29,Pizza,211,Sunday,0,0
2026-11-30,Pizza,227,Monday,0,0
2026-12-01,Sushi,88,Tuesday,0,1
2026-12-02,Burger,119,Wednesday,0,0
2026-12-03,Pasta,138,Thursday,0,0
2026-12-04,Salad,131,Friday,0,0
2026-12-05,Sushi,236,Saturday,0,1
2026-12-06,Pasta,194,Sunday,1,1
2026-12-07,Pizza,300,Monday,0,1
2026-12-08,Sushi,136,Tuesday,0,0
2026-12-09,Salad,54,Wednesday,0,0
2026-12-10,Burger,128,Thursday,0,0
2026-12-11,Sushi,156,Friday,0,1
2026-12-12,Pasta,152,Saturday,1,0
2026-12-13,Sushi,83,Sunday,1,1
2026-12-14,Pasta,125,Monday,0,1
2026-12-15,Pizza,83,Tuesday,0,0
2026-12-16,Salad,167,Wednesday,0,1
2026-12-17,Sushi,106,Thursday,0,1
2026-12-18,Sushi,72,Friday,0,1
2026-12-19,Pizza,129,Saturday,1,1
2026-12-20,Pizza,251,Sunday,1,1
2026-12-21,Burger,184,Monday,0,0
2026-12-22,Sushi,170,Tuesday,0,1
2026-12-23,Sushi,152,Wednesday,0,1
2026-12-24,Pasta,255,Thursday,0,0
2026-12-25,Salad,263,Friday,0,1
2026-12-26,Burger,127,Saturday,0,1
2026-12-27,Salad,92,Sunday,0,0
2026-12-28,Sushi,243,Monday,0,1
2026-12-29,Pasta,115,Tuesday,0,0
2026-12-30,Pizza,249,Wednesday,0,0
2026-12-31,Salad,297,Thursday,0,0
2027-01-01,Salad,165,Friday,0,0
2027-01-02,Pizza,209,Saturday,1,0
2027-01-03,Pasta,128,Sunday,0,1
2027-01-04,Salad,103,Monday,0,1
2027-01-05,Salad,132,Tuesday,0,1
2027-01-06,Pizza,173,Wednesday,0,0
2027-01-07,Salad,255,Thursday,0,1
2027-01-08,Burger,121,Friday,0,1
2027-01-09,Pizza,156,Saturday,0,0
2027-01-10,Burger,126,Sunday,0,0
2027-01-11,Pasta,64,Monday,0,0
2027-01-12,Burger,290,Tuesday,0,1
2027-01-13,Pizza,155,Wednesday,0,1
2027-01-14,Pizza,194,Thursday,0,0
2027-01-15,Pizza,252,Friday,0,0
2027-01-16,Pizza,146,Saturday,1,0
2027-01-17,Burger,190,Sunday,0,0
2027-01-18,Pizza,210,Monday,0,0
2027-01-19,Sushi,190,Tuesday,0,1
2027-01-20,Pasta,236,Wednesday,0,0
2027-01-21,Salad,267,Thursday,0,1
2027-01-22,Pizza,248,Friday,0,0
2027-01-23,Burger,66,Saturday,0,0
2027-01-24,Pasta,293,Sunday,1,1
2027-01-25,Salad,67,Monday,0,0
2027-01-26,Pizza,192,Tuesday,0,0
2027-01-27,Pizza,123,Wednesday,0,0
2027-01-28,Pasta,206,Thursday,0,1
2027-01-29,Sushi,223,Friday,0,0
2027-01-30,Pizza,118,Saturday,1,0
2027-01-31,Sushi,200,Sunday,1,1
2027-02-01,Salad,191,Monday,0,1
2027-02-02,Pasta,170,Tuesday,0,0
2027-02-03,Pizza,193,Wednesday,0,0
2027-02-04,Pasta,218,Thursday,0,0
2027-02-05,Sushi,234,Friday,0,1
2027-02-06,Salad,127,Saturday,0,1
2027-02-07,Salad,296,Sunday,0,0
2027-02-08,Pasta,152,Monday,0,0
2027-02-09,Pasta,249,Tuesday,0,1
2027-02-10,Pizza,258,Wednesday,0,0
2027-02-11,Salad,64,Thursday,0,1
2027-02-12,Sushi,86,Friday,0,0
2027-02-13,Pizza,198,Saturday,1,0
2027-02-14,Pizza,64,Sunday,1,1
2027-02-15,Sushi,240,Monday,0,0
2027-02-16,Sushi,255,Tuesday,0,0
2027-02-17,Sushi,210,Wednesday,0,0
2027-02-18,Pizza,243,Thursday,0,1
2027-02-19,Pizza,237,Friday,0,0
2027-02-20,Sushi,62,Saturday,1,1
2027-02-21,Pasta,220,Sunday,0,0
2027-02-22,Sushi,195,Monday,0,1
2027-02-23,Pizza,137,Tuesday,0,1
2027-02-24,Sushi,282,Wednesday,0,1
2027-02-25,Burger,129,Thursday,0,0
2027-02-26,Sushi,96,Friday,0,1
2027-02-27,Salad,121,Saturday,0,1
2027-02-28,Sushi,84,Sunday,0,0
2027-03-01,Pizza,292,Monday,0,0
2027-03-02,Pizza,65,Tuesday,0,1
2027-03-03,Sushi,80,Wednesday,0,0
2027-03-04,Pasta,234,Thursday,0,1
2027-03-05,Salad,278,Friday,0,1
2027-03-06,Pasta,272,Saturday,1,1
2027-03-07,Pizza,191,Sunday,0,0
2027-03-08,Pizza,237,Monday,0,1
2027-03-09,Burger,87,Tuesday,0,1
2027-03-10,Salad,99,Wednesday,0,0
2027-03-11,Pasta,291,Thursday,0,0
2027-03-12,Pizza,150,Friday,0,1
2027-03-13,Burger,131,Saturday,1,0
2027-03-14,Pasta,199,Sunday,1,0
2027-03-15,Pizza,188,Monday,0,0
2027-03-16,Salad,262,Tuesday,0,1
2027-03-17,Pizza,58,Wednesday,0,0
2027-03-18,Salad,144,Thursday,0,1
2027-03-19,Salad,200,Friday,0,0
2027-03-20,Salad,142,Saturday,1,0
2027-03-21,Pizza,197,Sunday,0,1
2027-03-22,Burger,178,Monday,0,1
2027-03-23,Sushi,232,Tuesday,0,0
2027-03-24,Pasta,135,Wednesday,0,1
2027-03-25,Burger,185,Thursday,0,0
2027-03-26,Burger,231,Friday,0,0
2027-03-27,Sushi,73,Saturday,0,0
2027-03-28,Sushi,226,Sunday,0,1
2027-03-29,Pasta,110,Monday,0,0
2027-03-30,Burger,293,Tuesday,0,0
2027-03-31,Salad,183,Wednesday,0,0
2027-04-01,Pasta,246,Thursday,0,1
2027-04-02,Pizza,143,Friday,0,1
2027-04-03,Pizza,109,Saturday,1,0
2027-04-04,Salad,259,Sunday,1,1
2027-04-05,Pasta,79,Monday,0,0
2027-04-06,Salad,58,Tuesday,0,0
2027-04-07,Pizza,211,Wednesday,0,1
2027-04-08,Salad,126,Thursday,0,0
2027-04-09,Sushi,291,Friday,0,0
2027-04-10,Burger,144,Saturday,1,0
2027-04-11,Salad,264,Sunday,0,1
2027-04-12,Burger,59,Monday,0,0
2027-04-13,Sushi,175,Tuesday,0,1
2027-04-14,Salad,84,Wednesday,0,0
2027-04-15,Burger,188,Thursday,0,1
2027-04-16,Burger,149,Friday,0,1
2027-04-17,Burger,218,Saturday,1,0
2027-04-18,Salad,168,Sunday,1,1
2027-04-19,Pasta,276,Monday,0,0
2027-04-20,Sushi,225,Tuesday,0,0
2027-04-21,Sushi,207,Wednesday,0,1
2027-04-22,Pizza,135,Thursday,0,1
2027-04-23,Sushi,76,Friday,0,1
2027-04-24,Burger,231,Saturday,0,0
2027-04-25,Sushi,178,Sunday,0,1
2027-04-26,Burger,210,Monday,0,1
2027-04-27,Burger,239,Tuesday,0,1
2027-04-28,Burger,194,Wednesday,0,1
2027-04-29,Pizza,106,Thursday,0,1
2027-04-30,Pizza,282,Friday,0,1
2027-05-01,Pizza,200,Saturday,1,1
2027-05-02,Pasta,248,Sunday,0,0
2027-05-03,Pasta,245,Monday,0,1
2027-05-04,Salad,152,Tuesday,0,0
2027-05-05,Burger,158,Wednesday,0,0
2027-05-06,Pizza,155,Thursday,0,0
2027-05-07,Sushi,145,Friday,0,1
2027-05-08,Sushi,133,Saturday,1,0
2027-05-09,Burger,254,Sunday,0,1
2027-05-10,Sushi,124,Monday,0,1
2027-05-11,Sushi,113,Tuesday,0,1
2027-05-12,Burger,76,Wednesday,0,1
2027-05-13,Salad,189,Thursday,0,0
2027-05-14,Pasta,295,Friday,0,0
2027-05-15,Pizza,181,Saturday,1,1
2027-05-16,Pasta,92,Sunday,1,1
2027-05-17,Salad,300,Monday,0,0
2027-05-18,Sushi,131,Tuesday,0,0
2027-05-19,Pizza,121,Wednesday,0,0
2027-05-20,Salad,54,Thursday,0,1
2027-05-21,Pasta,93,Friday,0,0
2027-05-22,Pasta,50,Saturday,0,1
2027-05-23,Sushi,159,Sunday,1,1
2027-05-24,Sushi,296,Monday,0,1
2027-05-25,Pizza,208,Tuesday,0,0
2027-05-26,Pasta,199,Wednesday,0,1
2027-05-27,Burger,239,Thursday,0,0
2027-05-28,Burger,204,Friday,0,0
2027-05-29,Sushi,169,Saturday,1,0
2027-05-30,Sushi,118,Sunday,1,1
2027-05-31,Salad,191,Monday,0,0
2027-06-01,Salad,237,Tuesday,0,0
2027-06-02,Burger,198,Wednesday,0,1
2027-06-03,Salad,226,Thursday,0,0
2027-06-04,Pasta,127,Friday,0,0
2027-06-05,Sushi,202,Saturday,0,0
2027-06-06,Burger,247,Sunday,0,0
2027-06-07,Sushi,258,Monday,0,0
2027-06-08,Sushi,219,Tuesday,0,0
2027-06-09,Pizza,112,Wednesday,0,1
2027-06-10,Sushi,288,Thursday,0,1
2027-06-11,Burger,284,Friday,0,0
2027-06-12,Pizza,104,Saturday,1,1
2027-06-13,Pizza,237,Sunday,1,0
2027-06-14,Sushi,211,Monday,0,0
2027-06-15,Pasta,221,Tuesday,0,0
2027-06-16,Burger,195,Wednesday,0,1
2027-06-17,Pizza,144,Thursday,0,0
2027-06-18,Sushi,96,Friday,0,1
2027-06-19,Sushi,168,Saturday,1,1
2027-06-20,Pasta,54,Sunday,1,0
2027-06-21,Salad,212,Monday,0,1
2027-06-22,Salad,243,Tuesday,0,0
2027-06-23,Burger,255,Wednesday,0,0
2027-06-24,Burger,67,Thursday,0,1
2027-06-25,Pizza,71,Friday,0,0
2027-06-26,Pizza,97,Saturday,0,0
2027-06-27,Burger,206,Sunday,0,1
2027-06-28,Pizza,163,Monday,0,0
2027-06-29,Sushi,216,Tuesday,0,0
2027-06-30,Sushi,84,Wednesday,0,0
2027-07-01,Sushi,102,Thursday,0,0
2027-07-02,Salad,192,Friday,0,0
2027-07-03,Sushi,86,Saturday,1,1
2027-07-04,Burger,172,Sunday,1,1
2027-07-05,Pizza,54,Monday,0,0
2027-07-06,Salad,256,Tuesday,0,1
2027-07-07,Pizza,225,Wednesday,0,1
2027-07-08,Pizza,181,Thursday,0,0
2027-07-09,Burger,148,Friday,0,0
2027-07-10,Burger,186,Saturday,1,1
2027-07-11,Pizza,171,Sunday,1,0
2027-07-12,Pasta,192,Monday,0,0
2027-07-13,Pizza,192,Tuesday,0,0
2027-07-14,Pasta,142,Wednesday,0,0
2027-07-15,Burger,71,Thursday,0,1
2027-07-16,Pizza,282,Friday,0,1
2027-07-17,Sushi,133,Saturday,0,1
2027-07-18,Pasta,70,Sunday,0,0
2027-07-19,Salad,102,Monday,0,1
2027-07-20,Salad,231,Tuesday,0,1
2027-07-21,Salad,168,Wednesday,0,1
2027-07-22,Salad,292,Thursday,0,0
2027-07-23,Pizza,72,Friday,0,1
2027-07-24,Pasta,184,Saturday,1,0
2027-07-25,Sushi,187,Sunday,0,0
2027-07-26,Sushi,225,Monday,0,1
2027-07-27,Burger,280,Tuesday,0,0
2027-07-28,Burger,88,Wednesday,0,0
2027-07-29,Burger,246,Thursday,0,1
2027-07-30,Burger,61,Friday,0,0
2027-07-31,Pizza,162,Saturday,0,0
2027-08-01,Pizza,266,Sunday,0,1
2027-08-02,Pizza,168,Monday,0,0
2027-08-03,Burger,59,Tuesday,0,0
2027-08-04,Burger,193,Wednesday,0,0
2027-08-05,Burger,136,Thursday,0,1
2027-08-06,Pasta,249,Friday,0,0
2027-08-07,Sushi,140,Saturday,0,1
2027-08-08,Sushi,276,Sunday,1,0
2027-08-09,Sushi,227,Monday,0,0
2027-08-10,Pizza,118,Tuesday,0,1
2027-08-11,Sushi,153,Wednesday,0,1
2027-08-12,Burger,92,Thursday,0,0
2027-08-13,Pasta,176,Friday,0,0
2027-08-14,Sushi,289,Saturday,0,1
2027-08-15,Sushi,164,Sunday,1,0
2027-08-16,Burger,200,Monday,0,0
2027-08-17,Pasta,252,Tuesday,0,1
2027-08-18,Pizza,183,Wednesday,0,1
2027-08-19,Burger,90,Thursday,0,0
2027-08-20,Pizza,108,Friday,0,0
2027-08-21,Pizza,85,Saturday,1,0
2027-08-22,Pizza,196,Sunday,1,0
2027-08-23,Pizza,184,Monday,0,0
2027-08-24,Sushi,54,Tuesday,0,1
2027-08-25,Burger,219,Wednesday,0,0
2027-08-26,Salad,263,Thursday,0,0
2027-08-27,Pasta,109,Friday,0,0
2027-08-28,Pasta,233,Saturday,0,0
2027-08-29,Pasta,151,Sunday,1,0
2027-08-30,Salad,117,Monday,0,1
2027-08-31,Salad,232,Tuesday,0,1
2027-09-01,Pizza,210,Wednesday,0,1
2027-09-02,Pizza,136,Thursday,0,0
2027-09-03,Burger,97,Friday,0,0
2027-09-04,Salad,125,Saturday,1,0
2027-09-05,Salad,183,Sunday,0,0
2027-09-06,Sushi,63,Monday,0,0
2027-09-07,Sushi,294,Tuesday,0,1
2027-09-08,Burger,59,Wednesday,0,0
2027-09-09,Burger,97,Thursday,0,0
2027-09-10,Burger,72,Friday,0,0
2027-09-11,Burger,151,Saturday,1,1
2027-09-12,Burger,244,Sunday,0,0
2027-09-13,Burger,238,Monday,0,1
2027-09-14,Pizza,218,Tuesday,0,1
2027-09-15,Salad,182,Wednesday,0,0
2027-09-16,Pizza,66,Thursday,0,0
2027-09-17,Sushi,256,Friday,0,1
2027-09-18,Pasta,269,Saturday,1,0
2027-09-19,Pizza,54,Sunday,1,1
2027-09-20,Sushi,214,Monday,0,0
2027-09-21,Sushi,252,Tuesday,0,1
2027-09-22,Sushi,149,Wednesday,0,1
2027-09-23,Burger,284,Thursday,0,0
2027-09-24,Pasta,172,Friday,0,0
2027-09-25,Burger,78,Saturday,0,0
2027-09-26,Pizza,76,Sunday,0,0
2027-09-27,Pasta,191,Monday,0,0
2027-09-28,Pizza,256,Tuesday,0,0
2027-09-29,Burger,218,Wednesday,0,0
2027-09-30,Salad,201,Thursday,0,0
2027-10-01,Pizza,50,Friday,0,1
2027-10-02,Salad,190,Saturday,1,1
2027-10-03,Sushi,280,Sunday,1,1
2027-10-04,Pasta,125,Monday,0,1
2027-10-05,Pizza,273,Tuesday,0,0
2027-10-06,Pizza,187,Wednesday,0,1
2027-10-07,Pasta,294,Thursday,0,1
2027-10-08,Pizza,134,Friday,0,1
2027-10-09,Sushi,118,Saturday,0,1
2027-10-10,Pasta,96,Sunday,0,1
2027-10-11,Burger,146,Monday,0,1
2027-10-12,Burger,80,Tuesday,0,1
2027-10-13,Burger,148,Wednesday,0,1
2027-10-14,Pizza,194,Thursday,0,1
2027-10-15,Burger,180,Friday,0,0
2027-10-16,Pizza,128,Saturday,0,0
2027-10-17,Salad,150,Sunday,0,1
2027-10-18,Pizza,113,Monday,0,1
2027-10-19,Salad,254,Tuesday,0,1
2027-10-20,Salad,237,Wednesday,0,1
2027-10-21,Burger,206,Thursday,0,1
2027-10-22,Sushi,246,Friday,0,1
2027-10-23,Burger,159,Saturday,1,1
2027-10-24,Pizza,276,Sunday,0,0
2027-10-25,Pasta,123,Monday,0,0
2027-10-26,Salad,65,Tuesday,0,0
2027-10-27,Burger,92,Wednesday,0,1
2027-10-28,Burger,270,Thursday,0,0
2027-10-29,Sushi,114,Friday,0,0
2027-10-30,Pasta,299,Saturday,0,0
2027-10-31,Pizza,71,Sunday,1,1
2027-11-01,Burger,119,Monday,0,1
2027-11-02,Pizza,82,Tuesday,0,1
2027-11-03,Pizza,170,Wednesday,0,0
2027-11-04,Pizza,80,Thursday,0,1
2027-11-05,Pizza,168,Friday,0,0
2027-11-06,Pizza,169,Saturday,1,0
2027-11-07,Pasta,127,Sunday,1,0
2027-11-08,Pasta,204,Monday,0,0
2027-11-09,Burger,141,Tuesday,0,0
2027-11-10,Salad,288,Wednesday,0,0
2027-11-11,Pizza,96,Thursday,0,0
2027-11-12,Salad,271,Friday,0,0
2027-11-13,Salad,143,Saturday,0,1
2027-11-14,Pizza,111,Sunday,1,0
2027-11-15,Salad,195,Monday,0,0
2027-11-16,Burger,153,Tuesday,0,0
2027-11-17,Pizza,118,Wednesday,0,1
2027-11-18,Pizza,238,Thursday,0,0
2027-11-19,Salad,75,Friday,0,0
2027-11-20,Salad,168,Saturday,0,0
2027-11-21,Burger,203,Sunday,1,0
2027-11-22,Pasta,115,Monday,0,0
2027-11-23,Sushi,267,Tuesday,0,1
2027-11-24,Salad,82,Wednesday,0,0
2027-11-25,Salad,197,Thursday,0,0
2027-11-26,Pasta,207,Friday,0,0
2027-11-27,Burger,92,Saturday,1,1
2027-11-28,Pizza,247,Sunday,1,0
2027-11-29,Pizza,151,Monday,0,0
2027-11-30,Salad,154,Tuesday,0,1
2027-12-01,Burger,186,Wednesday,0,1
2027-12-02,Pasta,132,Thursday,0,0
2027-12-03,Pizza,99,Friday,0,1
2027-12-04,Pasta,234,Saturday,0,0
2027-12-05,Pizza,287,Sunday,1,0
2027-12-06,Salad,140,Monday,0,0
2027-12-07,Pizza,97,Tuesday,0,0
2027-12-08,Pizza,146,Wednesday,0,1
2027-12-09,Pasta,184,Thursday,0,0
2027-12-10,Pasta,119,Friday,0,1
2027-12-11,Salad,155,Saturday,1,1
2027-12-12,Burger,105,Sunday,0,1
2027-12-13,Pasta,59,Monday,0,1
2027-12-14,Salad,219,Tuesday,0,0
2027-12-15,Burger,102,Wednesday,0,0
2027-12-16,Pasta,222,Thursday,0,0
2027-12-17,Burger,207,Friday,0,0
2027-12-18,Pizza,109,Saturday,1,1
2027-12-19,Burger,159,Sunday,1,1
2027-12-20,Sushi,142,Monday,0,0
2027-12-21,Salad,219,Tuesday,0,0
2027-12-22,Burger,201,Wednesday,0,1
2027-12-23,Burger,53,Thursday,0,1
2027-12-24,Pasta,268,Friday,0,0
2027-12-25,Pizza,100,Saturday,0,0
2027-12-26,Pasta,182,Sunday,1,1
2027-12-27,Salad,260,Monday,0,1
2027-12-28,Pizza,208,Tuesday,0,0
2027-12-29,Pizza,215,Wednesday,0,1
2027-12-30,Burger,116,Thursday,0,1
2027-12-31,Burger,240,Friday,0,1
2028-01-01,Sushi,257,Saturday,1,0
2028-01-02,Sushi,106,Sunday,1,1
2028-01-03,Pizza,206,Monday,0,0
2028-01-04,Salad,216,Tuesday,0,1
2028-01-05,Pasta,255,Wednesday,0,0
2028-01-06,Pizza,231,Thursday,0,1
2028-01-07,Pasta,152,Friday,0,0
2028-01-08,Pasta,210,Saturday,0,1
2028-01-09,Burger,86,Sunday,0,1
2028-01-10,Salad,162,Monday,0,0
2028-01-11,Salad,230,Tuesday,0,0
2028-01-12,Salad,87,Wednesday,0,0
2028-01-13,Pizza,59,Thursday,0,0
2028-01-14,Pasta,128,Friday,0,0
2028-01-15,Pizza,200,Saturday,0,0
2028-01-16,Salad,79,Sunday,0,0
2028-01-17,Burger,202,Monday,0,0
2028-01-18,Salad,296,Tuesday,0,0
2028-01-19,Pizza,251,Wednesday,0,1
2028-01-20,Pasta,259,Thursday,0,1
2028-01-21,Salad,240,Friday,0,0
2028-01-22,Burger,260,Saturday,0,0
2028-01-23,Sushi,181,Sunday,0,0
2028-01-24,Pasta,123,Monday,0,1
2028-01-25,Pizza,237,Tuesday,0,0
2028-01-26,Sushi,58,Wednesday,0,1
2028-01-27,Burger,256,Thursday,0,1
2028-01-28,Burger,164,Friday,0,0
2028-01-29,Pizza,184,Saturday,0,1
2028-01-30,Sushi,237,Sunday,0,0
2028-01-31,Salad,178,Monday,0,1
2028-02-01,Pasta,173,Tuesday,0,1
2028-02-02,Pizza,72,Wednesday,0,1
2028-02-03,Burger,151,Thursday,0,0
2028-02-04,Burger,295,Friday,0,1
2028-02-05,Pasta,131,Saturday,0,0
2028-02-06,Pizza,245,Sunday,0,0
2028-02-07,Burger,203,Monday,0,1
2028-02-08,Pasta,191,Tuesday,0,0
2028-02-09,Pizza,279,Wednesday,0,0
2028-02-10,Burger,266,Thursday,0,0
2028-02-11,Pizza,214,Friday,0,0
2028-02-12,Pasta,119,Saturday,0,0
2028-02-13,Salad,50,Sunday,0,0
2028-02-14,Salad,139,Monday,0,1
2028-02-15,Pasta,67,Tuesday,0,0
2028-02-16,Salad,252,Wednesday,0,0
2028-02-17,Salad,296,Thursday,0,1
2028-02-18,Salad,296,Friday,0,1
2028-02-19,Sushi,209,Saturday,0,0
2028-02-20,Salad,207,Sunday,0,0
2028-02-21,Salad,75,Monday,0,1
2028-02-22,Sushi,213,Tuesday,0,1
2028-02-23,Sushi,250,Wednesday,0,1
2028-02-24,Pasta,85,Thursday,0,1
2028-02-25,Sushi,131,Friday,0,1
2028-02-26,Sushi,143,Saturday,0,0
2028-02-27,Burger,226,Sunday,0,1
2028-02-28,Sushi,60,Monday,0,0
2028-02-29,Burger,74,Tuesday,0,0
2028-03-01,Pizza,296,Wednesday,0,1
2028-03-02,Burger,84,Thursday,0,1
2028-03-03,Pasta,138,Friday,0,0
2028-03-04,Salad,210,Saturday,0,1
2028-03-05,Pizza,228,Sunday,0,0
2028-03-06,Salad,163,Monday,0,1
2028-03-07,Burger,112,Tuesday,0,0
2028-03-08,Burger,282,Wednesday,0,1
2028-03-09,Pasta,174,Thursday,0,1
2028-03-10,Salad,209,Friday,0,0
2028-03-11,Pasta,166,Saturday,0,0
2028-03-12,Pasta,136,Sunday,1,0
2028-03-13,Sushi,215,Monday,0,1
2028-03-14,Burger,218,Tuesday,0,1
2028-03-15,Pizza,199,Wednesday,0,1
2028-03-16,Pasta,158,Thursday,0,0
2028-03-17,Pizza,239,Friday,0,0
2028-03-18,Burger,285,Saturday,1,0
2028-03-19,Pizza,242,Sunday,1,0
2028-03-20,Salad,60,Monday,0,1
2028-03-21,Pizza,228,Tuesday,0,1
2028-03-22,Pasta,284,Wednesday,0,0
2028-03-23,Pasta,196,Thursday,0,1
2028-03-24,Pasta,158,Friday,0,0
2028-03-25,Pasta,253,Saturday,0,1
2028-03-26,Pizza,221,Sunday,0,1
2028-03-27,Sushi,67,Monday,0,0
2028-03-28,Sushi,198,Tuesday,0,1
2028-03-29,Pasta,76,Wednesday,0,1
2028-03-30,Sushi,113,Thursday,0,0
2028-03-31,Salad,194,Friday,0,0
2028-04-01,Pizza,155,Saturday,0,0
2028-04-02,Pizza,217,Sunday,0,0
2028-04-03,Sushi,297,Monday,0,0
2028-04-04,Pizza,100,Tuesday,0,1
2028-04-05,Sushi,231,Wednesday,0,1
2028-04-06,Pizza,198,Thursday,0,1
2028-04-07,Salad,117,Friday,0,0
2028-04-08,Pasta,299,Saturday,0,0
2028-04-09,Salad,186,Sunday,0,0
2028-04-10,Sushi,271,Monday,0,0
2028-04-11,Pizza,134,Tuesday,0,0
2028-04-12,Sushi,188,Wednesday,0,1
2028-04-13,Salad,279,Thursday,0,1
2028-04-14,Pasta,247,Friday,0,1
2028-04-15,Pasta,57,Saturday,0,1
2028-04-16,Burger,189,Sunday,0,0
2028-04-17,Pizza,89,Monday,0,0
2028-04-18,Burger,98,Tuesday,0,1
2028-04-19,Burger,178,Wednesday,0,1
2028-04-20,Sushi,57,Thursday,0,1
2028-04-21,Burger,212,Friday,0,1
2028-04-22,Salad,67,Saturday,1,1
2028-04-23,Pizza,203,Sunday,1,1
2028-04-24,Salad,248,Monday,0,0
2028-04-25,Pizza,124,Tuesday,0,1
2028-04-26,Salad,178,Wednesday,0,1
2028-04-27,Burger,150,Thursday,0,1
2028-04-28,Burger,181,Friday,0,0
2028-04-29,Pizza,95,Saturday,0,0
2028-04-30,Salad,246,Sunday,1,1
2028-05-01,Pizza,181,Monday,0,1
2028-05-02,Sushi,119,Tuesday,0,0
2028-05-03,Pizza,268,Wednesday,0,1
2028-05-04,Salad,143,Thursday,0,1
2028-05-05,Sushi,116,Friday,0,1
2028-05-06,Burger,73,Saturday,0,0
2028-05-07,Pasta,268,Sunday,0,0
2028-05-08,Pizza,224,Monday,0,1
2028-05-09,Burger,61,Tuesday,0,1
2028-05-10,Burger,170,Wednesday,0,1
2028-05-11,Sushi,190,Thursday,0,1
2028-05-12,Burger,102,Friday,0,0
2028-05-13,Salad,176,Saturday,1,0
2028-05-14,Pizza,88,Sunday,1,0
2028-05-15,Burger,209,Monday,0,1
2028-05-16,Burger,176,Tuesday,0,1
2028-05-17,Burger,180,Wednesday,0,0
2028-05-18,Salad,105,Thursday,0,0
2028-05-19,Sushi,94,Friday,0,0
2028-05-20,Pasta,223,Saturday,1,1
2028-05-21,Pasta,120,Sunday,1,0
2028-05-22,Pizza,236,Monday,0,1
2028-05-23,Salad,263,Tuesday,0,0
2028-05-24,Sushi,166,Wednesday,0,1
2028-05-25,Pasta,236,Thursday,0,0
2028-05-26,Burger,297,Friday,0,0
2028-05-27,Pizza,226,Saturday,1,0
2028-05-28,Pasta,182,Sunday,0,1
2028-05-29,Pasta,279,Monday,0,1
2028-05-30,Salad,216,Tuesday,0,1
2028-05-31,Sushi,219,Wednesday,0,0
2028-06-01,Pizza,209,Thursday,0,1
2028-06-02,Burger,199,Friday,0,0
2028-06-03,Sushi,75,Saturday,1,0
2028-06-04,Salad,72,Sunday,0,0
2028-06-05,Pasta,151,Monday,0,0
2028-06-06,Pasta,244,Tuesday,0,1
2028-06-07,Salad,244,Wednesday,0,1
2028-06-08,Pizza,61,Thursday,0,1
2028-06-09,Pizza,132,Friday,0,0
2028-06-10,Burger,111,Saturday,0,0
2028-06-11,Burger,70,Sunday,1,0
2028-06-12,Pizza,156,Monday,0,1
2028-06-13,Burger,222,Tuesday,0,0
2028-06-14,Sushi,85,Wednesday,0,1
2028-06-15,Salad,96,Thursday,0,0
2028-06-16,Salad,205,Friday,0,0
2028-06-17,Pizza,227,Saturday,1,1
2028-06-18,Pasta,216,Sunday,1,1
2028-06-19,Burger,62,Monday,0,0
2028-06-20,Sushi,110,Tuesday,0,0
2028-06-21,Pizza,197,Wednesday,0,1
2028-06-22,Pasta,189,Thursday,0,1
2028-06-23,Sushi,254,Friday,0,1
2028-06-24,Salad,229,Saturday,0,0
2028-06-25,Burger,246,Sunday,1,1
2028-06-26,Salad,195,Monday,0,1
2028-06-27,Pasta,181,Tuesday,0,1
2028-06-28,Burger,128,Wednesday,0,0
2028-06-29,Pasta,248,Thursday,0,1
2028-06-30,Burger,261,Friday,0,1
2028-07-01,Salad,51,Saturday,1,1
2028-07-02,Salad,210,Sunday,0,0
2028-07-03,Salad,277,Monday,0,1
2028-07-04,Pizza,214,Tuesday,0,0
2028-07-05,Burger,283,Wednesday,0,1
2028-07-06,Pizza,287,Thursday,0,0
2028-07-07,Pasta,51,Friday,0,0
2028-07-08,Salad,250,Saturday,1,1
2028-07-09,Pasta,164,Sunday,0,1
2028-07-10,Burger,245,Monday,0,0
2028-07-11,Salad,259,Tuesday,0,0
2028-07-12,Salad,254,Wednesday,0,1
2028-07-13,Sushi,227,Thursday,0,0
2028-07-14,Pasta,164,Friday,0,0
2028-07-15,Pizza,279,Saturday,1,0
2028-07-16,Sushi,108,Sunday,0,1
2028-07-17,Sushi,68,Monday,0,1
2028-07-18,Pasta,201,Tuesday,0,1
2028-07-19,Pizza,58,Wednesday,0,1
2028-07-20,Salad,226,Thursday,0,0
2028-07-21,Pasta,129,Friday,0,0
2028-07-22,Burger,135,Saturday,1,1
2028-07-23,Pasta,213,Sunday,1,1
2028-07-24,Salad,90,Monday,0,1
2028-07-25,Pizza,261,Tuesday,0,0
2028-07-26,Burger,208,Wednesday,0,1
2028-07-27,Salad,145,Thursday,0,1
2028-07-28,Pasta,238,Friday,0,1
2028-07-29,Pizza,221,Saturday,0,1
2028-07-30,Sushi,195,Sunday,0,0
2028-07-31,Pizza,50,Monday,0,0
2028-08-01,Sushi,94,Tuesday,0,0
2028-08-02,Sushi,264,Wednesday,0,0
2028-08-03,Pizza,179,Thursday,0,1
2028-08-04,Pizza,295,Friday,0,1
2028-08-05,Sushi,223,Saturday,1,1
2028-08-06,Salad,110,Sunday,0,1
2028-08-07,Pasta,72,Monday,0,0
2028-08-08,Pizza,79,Tuesday,0,1
2028-08-09,Pizza,98,Wednesday,0,1
2028-08-10,Pizza,158,Thursday,0,1
2028-08-11,Salad,62,Friday,0,0
2028-08-12,Sushi,220,Saturday,0,1
2028-08-13,Sushi,264,Sunday,0,0
2028-08-14,Pizza,190,Monday,0,1
2028-08-15,Burger,134,Tuesday,0,0
2028-08-16,Sushi,123,Wednesday,0,1
2028-08-17,Pizza,100,Thursday,0,1
2028-08-18,Sushi,166,Friday,0,0
2028-08-19,Pasta,134,Saturday,1,1
2028-08-20,Salad,253,Sunday,1,0
2028-08-21,Pizza,154,Monday,0,0
2028-08-22,Pasta,160,Tuesday,0,0
2028-08-23,Sushi,252,Wednesday,0,0
2028-08-24,Sushi,59,Thursday,0,0
2028-08-25,Sushi,279,Friday,0,1
2028-08-26,Sushi,278,Saturday,1,0
2028-08-27,Salad,244,Sunday,1,1
2028-08-28,Salad,89,Monday,0,0
2028-08-29,Sushi,148,Tuesday,0,0
2028-08-30,Salad,291,Wednesday,0,1
2028-08-31,Salad,242,Thursday,0,1
2028-09-01,Salad,192,Friday,0,0
2028-09-02,Pizza,205,Saturday,0,1
2028-09-03,Burger,137,Sunday,1,1
2028-09-04,Burger,240,Monday,0,1
2028-09-05,Pasta,76,Tuesday,0,1
2028-09-06,Pasta,54,Wednesday,0,1
2028-09-07,Salad,239,Thursday,0,0
2028-09-08,Pasta,61,Friday,0,0
2028-09-09,Salad,98,Saturday,0,0
2028-09-10,Salad,119,Sunday,1,0
2028-09-11,Pizza,153,Monday,0,1
2028-09-12,Pizza,200,Tuesday,0,1
2028-09-13,Burger,248,Wednesday,0,1
2028-09-14,Salad,52,Thursday,0,1
2028-09-15,Sushi,151,Friday,0,1
2028-09-16,Burger,52,Saturday,0,0
2028-09-17,Salad,130,Sunday,0,0
2028-09-18,Salad,228,Monday,0,0
2028-09-19,Burger,229,Tuesday,0,1
2028-09-20,Pasta,171,Wednesday,0,1
2028-09-21,Salad,231,Thursday,0,0
2028-09-22,Sushi,153,Friday,0,1
2028-09-23,Burger,259,Saturday,1,0
2028-09-24,Pasta,87,Sunday,0,0
2028-09-25,Pizza,232,Monday,0,1
2028-09-26,Burger,109,Tuesday,0,0
2028-09-27,Burger,139,Wednesday,0,0
2028-09-28,Sushi,226,Thursday,0,0
2028-09-29,Pizza,276,Friday,0,1
2028-09-30,Salad,236,Saturday,1,0
2028-10-01,Sushi,74,Sunday,0,1
2028-10-02,Salad,56,Monday,0,1
2028-10-03,Pizza,212,Tuesday,0,1
2028-10-04,Pizza,138,Wednesday,0,1
2028-10-05,Burger,186,Thursday,0,0
2028-10-06,Burger,170,Friday,0,1
2028-10-07,Burger,58,Saturday,1,1
2028-10-08,Burger,108,Sunday,0,1
2028-10-09,Sushi,160,Monday,0,1
2028-10-10,Salad,261,Tuesday,0,1
2028-10-11,Pasta,158,Wednesday,0,0
2028-10-12,Burger,286,Thursday,0,0
2028-10-13,Burger,86,Friday,0,1
2028-10-14,Pizza,280,Saturday,1,0
2028-10-15,Sushi,185,Sunday,0,0
2028-10-16,Pasta,99,Monday,0,1
2028-10-17,Pasta,114,Tuesday,0,1
2028-10-18,Burger,64,Wednesday,0,0
2028-10-19,Pasta,123,Thursday,0,1
2028-10-20,Burger,171,Friday,0,1
2028-10-21,Pizza,190,Saturday,1,0
2028-10-22,Salad,279,Sunday,0,0
2028-10-23,Pasta,85,Monday,0,1
2028-10-24,Salad,104,Tuesday,0,1
2028-10-25,Pasta,234,Wednesday,0,0
2028-10-26,Burger,104,Thursday,0,0
2028-10-27,Salad,155,Friday,0,1
2028-10-28,Pizza,75,Saturday,0,0
2028-10-29,Sushi,52,Sunday,1,0
2028-10-30,Pasta,240,Monday,0,1
2028-10-31,Sushi,53,Tuesday,0,0
2028-11-01,Pasta,114,Wednesday,0,0
2028-11-02,Sushi,227,Thursday,0,1
2028-11-03,Sushi,270,Friday,0,0
2028-11-04,Burger,223,Saturday,0,0
2028-11-05,Pizza,136,Sunday,1,0
2028-11-06,Sushi,150,Monday,0,0
2028-11-07,Burger,107,Tuesday,0,1
2028-11-08,Pasta,299,Wednesday,0,0
2028-11-09,Sushi,251,Thursday,0,0
2028-11-10,Pasta,73,Friday,0,0
2028-11-11,Pasta,159,Saturday,0,1
2028-11-12,Pasta,146,Sunday,1,0
2028-11-13,Burger,223,Monday,0,1
2028-11-14,Sushi,64,Tuesday,0,0
2028-11-15,Pizza,86,Wednesday,0,1
2028-11-16,Pasta,222,Thursday,0,0
2028-11-17,Sushi,162,Friday,0,1
2028-11-18,Pasta,221,Saturday,1,1
2028-11-19,Pasta,211,Sunday,1,1
2028-11-20,Sushi,278,Monday,0,1
2028-11-21,Burger,170,Tuesday,0,1
2028-11-22,Pasta,248,Wednesday,0,1
2028-11-23,Pasta,141,Thursday,0,1
2028-11-24,Salad,194,Friday,0,0
2028-11-25,Sushi,297,Saturday,1,1
2028-11-26,Pasta,195,Sunday,1,1
2028-11-27,Pasta,153,Monday,0,1
2028-11-28,Pasta,146,Tuesday,0,0
2028-11-29,Pasta,242,Wednesday,0,1
2028-11-30,Pasta,216,Thursday,0,1
2028-12-01,Sushi,63,Friday,0,0
2028-12-02,Sushi,68,Saturday,1,1
2028-12-03,Burger,229,Sunday,1,0
2028-12-04,Sushi,84,Monday,0,0
2028-12-05,Sushi,265,Tuesday,0,1
2028-12-06,Pasta,282,Wednesday,0,0
2028-12-07,Pizza,79,Thursday,0,0
2028-12-08,Burger,297,Friday,0,1
2028-12-09,Sushi,207,Saturday,0,1
2028-12-10,Salad,147,Sunday,1,1
2028-12-11,Salad,204,Monday,0,1
2028-12-12,Pizza,127,Tuesday,0,1
2028-12-13,Sushi,160,Wednesday,0,1
2028-12-14,Pizza,167,Thursday,0,0
2028-12-15,Salad,70,Friday,0,0
2028-12-16,Pasta,94,Saturday,1,1
2028-12-17,Burger,138,Sunday,0,1
2028-12-18,Pizza,249,Monday,0,1
2028-12-19,Pasta,145,Tuesday,0,0
2028-12-20,Pizza,54,Wednesday,0,0
2028-12-21,Salad,193,Thursday,0,0
2028-12-22,Sushi,166,Friday,0,1
2028-12-23,Salad,280,Saturday,1,0
2028-12-24,Sushi,211,Sunday,1,0
2028-12-25,Salad,172,Monday,0,0
2028-12-26,Burger,110,Tuesday,0,1
2028-12-27,Pizza,223,Wednesday,0,0
2028-12-28,Burger,136,Thursday,0,1
2028-12-29,Sushi,193,Friday,0,0
2028-12-30,Salad,224,Saturday,0,0
2028-12-31,Burger,272,Sunday,0,1
2029-01-01,Pasta,297,Monday,0,1
2029-01-02,Pizza,159,Tuesday,0,0
2029-01-03,Pizza,300,Wednesday,0,1
2029-01-04,Pizza,235,Thursday,0,0
2029-01-05,Pasta,132,Friday,0,1
2029-01-06,Burger,132,Saturday,1,1
2029-01-07,Burger,284,Sunday,0,0
2029-01-08,Pasta,234,Monday,0,1
2029-01-09,Pizza,186,Tuesday,0,0
2029-01-10,Salad,163,Wednesday,0,0
2029-01-11,Pasta,283,Thursday,0,0
2029-01-12,Salad,73,Friday,0,0
2029-01-13,Salad,268,Saturday,1,0
2029-01-14,Pizza,104,Sunday,0,1
2029-01-15,Burger,122,Monday,0,0
2029-01-16,Pizza,216,Tuesday,0,1
2029-01-17,Sushi,211,Wednesday,0,0
2029-01-18,Salad,95,Thursday,0,1
2029-01-19,Pasta,92,Friday,0,1
2029-01-20,Salad,233,Saturday,0,1
2029-01-21,Burger,199,Sunday,1,1
2029-01-22,Pasta,114,Monday,0,0
2029-01-23,Pizza,263,Tuesday,0,1
2029-01-24,Pasta,130,Wednesday,0,0
2029-01-25,Sushi,133,Thursday,0,0
2029-01-26,Pizza,202,Friday,0,1
2029-01-27,Salad,102,Saturday,0,0
2029-01-28,Sushi,145,Sunday,0,0
2029-01-29,Sushi,50,Monday,0,0
2029-01-30,Burger,156,Tuesday,0,1
2029-01-31,Burger,93,Wednesday,0,0
2029-02-01,Burger,149,Thursday,0,0
2029-02-02,Pizza,257,Friday,0,1
2029-02-03,Pasta,262,Saturday,0,1
2029-02-04,Pizza,168,Sunday,0,1
2029-02-05,Burger,133,Monday,0,1
2029-02-06,Pizza,177,Tuesday,0,1
2029-02-07,Salad,54,Wednesday,0,0
2029-02-08,Pasta,181,Thursday,0,1
2029-02-09,Salad,207,Friday,0,1
2029-02-10,Pizza,253,Saturday,1,0
2029-02-11,Salad,195,Sunday,0,1
2029-02-12,Pasta,213,Monday,0,1
2029-02-13,Pasta,125,Tuesday,0,0
2029-02-14,Burger,245,Wednesday,0,1
2029-02-15,Burger,165,Thursday,0,0
2029-02-16,Salad,292,Friday,0,1
2029-02-17,Burger,61,Saturday,1,0
2029-02-18,Burger,70,Sunday,1,1
2029-02-19,Pizza,201,Monday,0,0
2029-02-20,Burger,64,Tuesday,0,0
2029-02-21,Pasta,146,Wednesday,0,0
2029-02-22,Sushi,132,Thursday,0,0
2029-02-23,Pasta,298,Friday,0,0
2029-02-24,Pasta,140,Saturday,1,1
2029-02-25,Salad,180,Sunday,0,0
2029-02-26,Pasta,214,Monday,0,1
2029-02-27,Pasta,276,Tuesday,0,1
2029-02-28,Pasta,142,Wednesday,0,1
2029-03-01,Sushi,243,Thursday,0,0
2029-03-02,Salad,250,Friday,0,1
2029-03-03,Pasta,94,Saturday,0,0
2029-03-04,Sushi,194,Sunday,0,1
2029-03-05,Burger,200,Monday,0,0
2029-03-06,Pasta,207,Tuesday,0,1
2029-03-07,Pasta,236,Wednesday,0,1
2029-03-08,Sushi,188,Thursday,0,0
2029-03-09,Burger,160,Friday,0,0
2029-03-10,Salad,188,Saturday,1,0
2029-03-11,Pasta,231,Sunday,0,1
2029-03-12,Burger,118,Monday,0,1
2029-03-13,Sushi,197,Tuesday,0,0
2029-03-14,Pasta,89,Wednesday,0,1
2029-03-15,Salad,134,Thursday,0,1
2029-03-16,Burger,55,Friday,0,0
2029-03-17,Sushi,286,Saturday,1,0
2029-03-18,Pasta,183,Sunday,0,1
2029-03-19,Sushi,195,Monday,0,1
2029-03-20,Burger,201,Tuesday,0,0
2029-03-21,Salad,93,Wednesday,0,0
2029-03-22,Sushi,163,Thursday,0,0
2029-03-23,Pasta,81,Friday,0,0
2029-03-24,Pizza,122,Saturday,0,1
2029-03-25,Sushi,168,Sunday,0,0
2029-03-26,Pasta,117,Monday,0,0
2029-03-27,Sushi,86,Tuesday,0,0
2029-03-28,Sushi,283,Wednesday,0,0
2029-03-29,Pasta,210,Thursday,0,1
2029-03-30,Salad,204,Friday,0,1
2029-03-31,Pizza,82,Saturday,0,0
2029-04-01,Salad,249,Sunday,1,1
2029-04-02,Salad,61,Monday,0,0
2029-04-03,Burger,69,Tuesday,0,1
2029-04-04,Pizza,207,Wednesday,0,1
2029-04-05,Burger,144,Thursday,0,1
2029-04-06,Salad,53,Friday,0,0
2029-04-07,Pasta,260,Saturday,1,1
2029-04-08,Pasta,223,Sunday,1,1
2029-04-09,Sushi,113,Monday,0,0
2029-04-10,Pasta,272,Tuesday,0,1
2029-04-11,Burger,87,Wednesday,0,0
2029-04-12,Salad,187,Thursday,0,1
2029-04-13,Burger,294,Friday,0,0
2029-04-14,Sushi,97,Saturday,0,0
2029-04-15,Burger,297,Sunday,1,1
2029-04-16,Sushi,287,Monday,0,1
2029-04-17,Pasta,140,Tuesday,0,0
2029-04-18,Salad,120,Wednesday,0,0
2029-04-19,Pasta,251,Thursday,0,1
2029-04-20,Pasta,179,Friday,0,0
2029-04-21,Pizza,278,Saturday,0,0
2029-04-22,Sushi,62,Sunday,0,0
2029-04-23,Salad,295,Monday,0,1
2029-04-24,Pasta,64,Tuesday,0,1
2029-04-25,Pizza,65,Wednesday,0,1
2029-04-26,Salad,124,Thursday,0,1
2029-04-27,Burger,265,Friday,0,1
2029-04-28,Sushi,259,Saturday,0,1
2029-04-29,Pasta,75,Sunday,0,0
2029-04-30,Salad,62,Monday,0,0
2029-05-01,Burger,126,Tuesday,0,1
2029-05-02,Salad,160,Wednesday,0,0
2029-05-03,Burger,176,Thursday,0,0
2029-05-04,Pizza,254,Friday,0,1
2029-05-05,Sushi,248,Saturday,1,1
2029-05-06,Salad,144,Sunday,1,1
2029-05-07,Sushi,234,Monday,0,0
2029-05-08,Sushi,108,Tuesday,0,0
2029-05-09,Sushi,129,Wednesday,0,1
2029-05-10,Sushi,202,Thursday,0,1
2029-05-11,Burger,266,Friday,0,1
2029-05-12,Pizza,243,Saturday,1,1
2029-05-13,Salad,157,Sunday,0,0
2029-05-14,Sushi,163,Monday,0,1
2029-05-15,Salad,300,Tuesday,0,0
2029-05-16,Salad,220,Wednesday,0,1
2029-05-17,Pasta,185,Thursday,0,0
2029-05-18,Sushi,166,Friday,0,1
2029-05-19,Pasta,245,Saturday,1,1
2029-05-20,Sushi,57,Sunday,1,0
2029-05-21,Pasta,203,Monday,0,0
2029-05-22,Burger,97,Tuesday,0,1
2029-05-23,Pasta,257,Wednesday,0,1
2029-05-24,Burger,72,Thursday,0,1
2029-05-25,Sushi,166,Friday,0,1
2029-05-26,Salad,252,Saturday,0,0
2029-05-27,Pasta,282,Sunday,1,1
2029-05-28,Pizza,135,Monday,0,0
2029-05-29,Pasta,64,Tuesday,0,1
2029-05-30,Burger,55,Wednesday,0,1
2029-05-31,Salad,225,Thursday,0,1
2029-06-01,Pasta,149,Friday,0,0
2029-06-02,Salad,105,Saturday,1,0
2029-06-03,Pizza,141,Sunday,0,1
2029-06-04,Burger,94,Monday,0,1
2029-06-05,Pasta,261,Tuesday,0,0
2029-06-06,Pasta,134,Wednesday,0,0
2029-06-07,Salad,134,Thursday,0,0
2029-06-08,Sushi,60,Friday,0,0
2029-06-09,Pizza,175,Saturday,0,0
2029-06-10,Burger,64,Sunday,0,1
2029-06-11,Sushi,201,Monday,0,0
2029-06-12,Salad,161,Tuesday,0,1
2029-06-13,Pasta,279,Wednesday,0,1
2029-06-14,Burger,200,Thursday,0,1
2029-06-15,Salad,103,Friday,0,0
2029-06-16,Salad,145,Saturday,1,1
2029-06-17,Pizza,255,Sunday,1,1
2029-06-18,Burger,230,Monday,0,1
2029-06-19,Pizza,65,Tuesday,0,1
2029-06-20,Salad,258,Wednesday,0,0
2029-06-21,Sushi,267,Thursday,0,1
2029-06-22,Sushi,197,Friday,0,0
